filename,tokens,mean_surprisal,median_surprisal,min_surprisal,max_surprisal,uid_variance,uid_pairwise
mistral-7b-instruct-v0.1@q8_0_0.csv,257,3.4593919206204315,2.454286575317383,0.0002211866376455,19.39814567565918,9.445424537417024,18.40269534489878
mistral-7b-instruct-v0.1@q8_0_1.csv,227,3.898548650126063,2.973439931869507,0.0001726809132378,16.026479721069336,12.820743930547293,22.40792791033358
mistral-7b-instruct-v0.1@q8_0_10.csv,232,3.9405600008612964,2.7457395792007446,0.0002395917254034,21.31255340576172,13.829730854011352,23.1287027204544
mistral-7b-instruct-v0.1@q8_0_100.csv,104,4.152033710138522,3.2507818937301636,0.0001461926585761,18.29091453552246,14.997982198172378,25.45270876864973
mistral-7b-instruct-v0.1@q8_0_101.csv,541,2.7858855323080314,1.866694092750549,7.533036841778085e-05,15.438970565795898,8.559060377621265,14.23264749309922
mistral-7b-instruct-v0.1@q8_0_102.csv,315,3.580657498088817,3.070876359939575,0.0003317066584713,16.952730178833008,10.829935558084554,17.689477083717627
mistral-7b-instruct-v0.1@q8_0_103.csv,698,3.3781526591653757,2.4303650856018066,5.606743434327655e-05,17.535968780517578,9.964009085472766,19.656562711816534
mistral-7b-instruct-v0.1@q8_0_104.csv,461,3.34156953622147,2.3231523036956787,9.442156442673876e-05,23.805805206298828,10.803510017180207,20.362934861733116
mistral-7b-instruct-v0.1@q8_0_105.csv,378,3.8728219443922476,3.1753166913986206,0.0001322607276961,20.755455017089844,11.380545576815555,19.083002642540304
mistral-7b-instruct-v0.1@q8_0_106.csv,356,3.698889962862523,2.5441298484802246,0.0003103760827798,22.02617454528809,13.17744779826009,24.68667602546991
mistral-7b-instruct-v0.1@q8_0_107.csv,280,3.5236259271380344,2.4383805990219116,0.0001750889641698,28.41664695739746,12.083436303149357,21.394154450039526
mistral-7b-instruct-v0.1@q8_0_108.csv,199,3.656065540888403,2.3913793563842773,0.0001719928986858,17.684917449951172,15.178707949406894,30.770741590617963
mistral-7b-instruct-v0.1@q8_0_109.csv,223,3.255425613148574,2.37598729133606,3.2676741739123827e-06,15.787760734558104,8.862387140307879,16.16862356528965
mistral-7b-instruct-v0.1@q8_0_11.csv,6,11.513028462727865,13.17205286026001,1.4628920555114746,17.950340270996094,34.27148125222066,113.8525526401556
mistral-7b-instruct-v0.1@q8_0_110.csv,46,4.3275605260860175,2.6384079456329346,0.0056365490891039,19.43038558959961,19.72085709190852,37.3861975376073
mistral-7b-instruct-v0.1@q8_0_111.csv,322,3.916077603427303,2.8173261880874634,0.0003366953169461,24.655668258666992,15.891508647816101,28.39257030085454
mistral-7b-instruct-v0.1@q8_0_112.csv,216,3.5184880549228787,2.690708637237549,0.0001382806804031,17.546613693237305,9.312423031773243,18.5878042997061
mistral-7b-instruct-v0.1@q8_0_113.csv,204,3.9362692171921747,2.9202154874801636,0.0005413309554569,20.94186019897461,11.458286848068989,19.374643875043738
mistral-7b-instruct-v0.1@q8_0_114.csv,286,3.5451162946294468,2.7187684774398804,0.0002395917254034,23.586612701416016,11.233960065334779,17.33647442649047
mistral-7b-instruct-v0.1@q8_0_115.csv,323,2.9286030523400015,2.308802366256714,6.879307647977839e-07,16.610464096069336,7.712649154088354,16.61910742243218
mistral-7b-instruct-v0.1@q8_0_116.csv,275,3.6097199383544187,2.6553637981414795,0.0002303031506016,21.14003562927246,12.771458193968419,24.34338038698049
mistral-7b-instruct-v0.1@q8_0_117.csv,142,3.9993073265535535,3.2411521673202515,0.0005421912064775,19.143394470214844,12.27333139850718,23.734482960127313
mistral-7b-instruct-v0.1@q8_0_118.csv,436,2.4940229523823874,0.8250178694725037,1.203879037348088e-06,15.877725601196287,10.277533443432814,18.7279238961803
mistral-7b-instruct-v0.1@q8_0_119.csv,196,3.991272318405301,3.1772396564483643,0.0005100187263451,19.846206665039062,11.056675956632244,22.315528907529032
mistral-7b-instruct-v0.1@q8_0_12.csv,207,2.9346634596758108,2.4568092823028564,7.894219743320718e-05,18.19310188293457,8.106422301563638,12.981664858304478
mistral-7b-instruct-v0.1@q8_0_120.csv,392,3.0067153189197504,2.2163456678390503,0.0002278950123582,22.10354232788086,8.4369885554385,15.976225329267384
mistral-7b-instruct-v0.1@q8_0_121.csv,57,3.5644926850259173,3.190093755722046,0.0015509990043938,13.165998458862305,7.6352368891899145,13.99961595290128
mistral-7b-instruct-v0.1@q8_0_122.csv,79,4.339451876254177,3.099699020385742,0.0001811090914998,16.483993530273438,17.888665018429517,36.45901328543268
mistral-7b-instruct-v0.1@q8_0_123.csv,194,3.8817697054940243,3.404840588569641,0.0003690359590109,16.2198486328125,9.411249626302165,17.957533578863234
mistral-7b-instruct-v0.1@q8_0_124.csv,412,3.595729781549433,2.8157652616500854,8.100610284600407e-05,20.438018798828125,11.90186663376676,20.88684059529575
mistral-7b-instruct-v0.1@q8_0_125.csv,167,3.925110197455265,3.0978450775146484,0.0002426879364065,18.41739654541016,11.200952558967778,19.134010114171748
mistral-7b-instruct-v0.1@q8_0_126.csv,149,4.579748371284535,3.8801016807556152,0.0002663397172,24.137767791748047,16.119847567687692,27.86735906013816
mistral-7b-instruct-v0.1@q8_0_127.csv,484,3.91784310229363,3.216560959815979,3.7836678529856727e-05,21.76178359985352,12.514513546024645,24.81219541444055
mistral-7b-instruct-v0.1@q8_0_128.csv,212,3.775400852958657,2.9194008111953735,0.0001272727822652,15.88070297241211,12.04873673164361,21.771233943251662
mistral-7b-instruct-v0.1@q8_0_129.csv,85,4.898970123840606,3.5558667182922363,0.0294355582445859,21.725948333740234,21.15304739076619,30.5532467941529
mistral-7b-instruct-v0.1@q8_0_13.csv,363,3.457790021943432,2.675466537475586,0.0004139356315135,17.502635955810547,11.034305044545578,20.639899521943065
mistral-7b-instruct-v0.1@q8_0_130.csv,288,4.128176806120842,3.2442480325698853,0.0001959015353349,20.60298728942871,13.53838921819904,24.283854302808017
mistral-7b-instruct-v0.1@q8_0_131.csv,399,3.072012840261816,2.5161983966827397,0.0001726809132378,15.053693771362305,7.432557367848461,15.918079399752155
mistral-7b-instruct-v0.1@q8_0_132.csv,5,11.461728477478028,14.574577331542969,1.4628920555114746,17.950340270996094,41.10998737174499,135.31722267702906
mistral-7b-instruct-v0.1@q8_0_133.csv,577,3.0480655998462947,2.187595844268799,0.0001002693679765,16.24622344970703,8.586584631196342,18.21683948655654
mistral-7b-instruct-v0.1@q8_0_134.csv,6,11.513028462727865,13.17205286026001,1.4628920555114746,17.950340270996094,34.27148125222066,113.8525526401556
mistral-7b-instruct-v0.1@q8_0_135.csv,364,3.7464858544760746,2.9131563901901245,5.331560532795265e-05,20.335756301879883,11.319337926668313,21.220586865243735
mistral-7b-instruct-v0.1@q8_0_136.csv,251,2.9231664936358075,2.0573606491088867,0.0004168601881247,20.789539337158203,9.63478032862122,18.034023236835704
mistral-7b-instruct-v0.1@q8_0_137.csv,288,3.443158075525945,2.3472074270248413,2.6141598937101666e-05,22.8514404296875,13.081537613259785,22.112826778128603
mistral-7b-instruct-v0.1@q8_0_138.csv,422,3.2763521124433135,2.4814194440841675,3.4396535397718253e-07,22.42665100097656,10.2377292881958,18.46244132478044
mistral-7b-instruct-v0.1@q8_0_139.csv,263,3.334816681351486,2.6109373569488525,0.0002129302301909,17.943397521972656,11.062297538726947,19.18220340428208
mistral-7b-instruct-v0.1@q8_0_14.csv,84,4.378030663416472,3.6410183906555176,0.0009385565645061,26.11536026000977,17.752504497831,30.29881156468851
mistral-7b-instruct-v0.1@q8_0_140.csv,289,4.159723627623978,3.5050196647644043,7.37824448151514e-05,23.315616607666016,10.956692140119573,20.692377323280525
mistral-7b-instruct-v0.1@q8_0_141.csv,329,3.6113116693764176,2.548407077789306,0.0002113821683451,26.14037322998047,12.01418428816168,23.551552317517306
mistral-7b-instruct-v0.1@q8_0_142.csv,516,3.1876448115871208,2.214159727096558,8.874577906681225e-05,21.68194007873535,10.589405158160615,19.635305827150873
mistral-7b-instruct-v0.1@q8_0_143.csv,533,3.2721696249498198,2.399430751800537,7.481439388357103e-05,16.0192813873291,9.204212340540513,18.762642148334006
mistral-7b-instruct-v0.1@q8_0_144.csv,115,4.418503351683688,3.7052645683288574,0.0014180056750774,15.719511032104492,11.926447440081452,23.22910113819904
mistral-7b-instruct-v0.1@q8_0_145.csv,302,3.901895374020936,2.879323363304138,0.0003633591113612,23.922399520874023,13.955511520522611,28.658326966842022
mistral-7b-instruct-v0.1@q8_0_146.csv,352,3.3363562813338543,2.6765795946121216,7.963016832945868e-05,30.76183319091797,12.43487410251799,21.78552663523281
mistral-7b-instruct-v0.1@q8_0_147.csv,59,4.418146259155345,3.5687415599823,0.000607140478678,13.359811782836914,12.870572306193951,28.611194020874176
mistral-7b-instruct-v0.1@q8_0_148.csv,319,3.7050393419937384,2.42798113822937,0.0002167144120903,21.918502807617188,14.848020672171575,27.174221904577532
mistral-7b-instruct-v0.1@q8_0_149.csv,423,3.2463048273377835,2.483233690261841,0.0001499766658525,15.62121868133545,8.833750792815996,16.728162821758062
mistral-7b-instruct-v0.1@q8_0_15.csv,626,3.278917056309848,2.691420555114746,5.675438842445146e-06,16.620304107666016,8.539881427880385,16.310780573627728
mistral-7b-instruct-v0.1@q8_0_150.csv,202,3.392044371458913,1.237338125705719,0.0003408238699194,18.15787124633789,17.81757343307026,37.261320781570966
mistral-7b-instruct-v0.1@q8_0_151.csv,160,3.683597054791234,3.306128144264221,1.547844703964074e-06,13.279606819152832,9.250086349007162,18.546642612969713
mistral-7b-instruct-v0.1@q8_0_152.csv,283,4.018978658357758,3.5625250339508057,7.343845936702564e-05,17.176618576049805,12.828761292672265,27.672279850653467
mistral-7b-instruct-v0.1@q8_0_153.csv,181,3.670936289142582,3.051501512527466,0.0001757769787218,15.677434921264648,10.403704543436147,19.54643503882001
mistral-7b-instruct-v0.1@q8_0_154.csv,192,4.129296309271315,3.246946692466736,0.000310204050038,25.353466033935547,15.127769584161783,28.27125588084556
mistral-7b-instruct-v0.1@q8_0_155.csv,496,3.269969518485808,2.380335211753845,2.8377417038427662e-05,15.27178192138672,9.297318706829438,17.90919816033514
mistral-7b-instruct-v0.1@q8_0_156.csv,144,4.053869214674908,3.1384201049804688,0.0002697800227906,17.021350860595703,12.74548524473186,23.143360547814744
mistral-7b-instruct-v0.1@q8_0_157.csv,321,3.082476400952292,2.3506016731262207,1.8918103705800604e-06,15.361993789672852,7.741656439084501,16.21774984701053
mistral-7b-instruct-v0.1@q8_0_158.csv,464,3.3077870714412962,2.2565377950668335,0.0002358074852963,17.072086334228516,11.082445760762234,20.30536091562402
mistral-7b-instruct-v0.1@q8_0_159.csv,284,3.6046373338208917,2.9857475757598877,0.0001030212879413,13.149860382080078,9.280434948675493,19.59653287134194
mistral-7b-instruct-v0.1@q8_0_16.csv,340,3.6932378570991955,2.9100829362869263,4.488816921366379e-05,22.369224548339844,10.422183091322628,20.617341584781837
mistral-7b-instruct-v0.1@q8_0_160.csv,391,3.3747435925224565,2.6477315425872803,0.0003186330432072,17.064754486083984,9.275583645229942,17.29839787571291
mistral-7b-instruct-v0.1@q8_0_161.csv,354,3.9241963618920113,2.8777048587799072,0.0001955575280589,22.612293243408203,12.781287150982223,24.043666169525867
mistral-7b-instruct-v0.1@q8_0_162.csv,607,3.6914850200710148,2.9209885597229004,0.0002556748513597,21.31305313110352,11.311594162953384,19.887019655680344
mistral-7b-instruct-v0.1@q8_0_163.csv,130,4.288009213179073,3.7332396507263184,2.923708052549045e-06,15.095695495605469,13.172262023085588,27.145135684818765
mistral-7b-instruct-v0.1@q8_0_164.csv,9,11.997852325439453,13.270323753356934,1.4628920555114746,18.3992977142334,29.99054539931477,91.07451225964678
mistral-7b-instruct-v0.1@q8_0_165.csv,299,3.9493244176773925,3.2230799198150635,0.0001964175608009,18.16887664794922,11.169041394725765,18.550799190176406
mistral-7b-instruct-v0.1@q8_0_166.csv,258,3.300714797334806,2.460262656211853,0.0003294703783467,13.51625919342041,9.1002777973396,18.356479999097115
mistral-7b-instruct-v0.1@q8_0_167.csv,415,3.646572396800263,2.812694549560547,0.0001522126694908,17.68766212463379,12.133878138515353,21.222682428540267
mistral-7b-instruct-v0.1@q8_0_168.csv,79,3.482152357929212,2.6448750495910645,6.191508146002889e-05,10.669856071472168,7.764320181224357,15.698727910066019
mistral-7b-instruct-v0.1@q8_0_169.csv,143,3.724642289114523,2.861923933029175,0.0007781733293086,16.088516235351562,9.85293328257924,18.715608056509065
mistral-7b-instruct-v0.1@q8_0_17.csv,167,3.5319344168154223,2.933389902114868,0.0003382435243111,16.012035369873047,8.723870840122215,15.881454417151863
mistral-7b-instruct-v0.1@q8_0_170.csv,268,3.4483599518467027,2.685202479362488,0.0003693800244946,18.398820877075195,11.21950399044558,18.98765022421869
mistral-7b-instruct-v0.1@q8_0_171.csv,437,3.7656384911903302,2.7588605880737305,0.0002349474380025,21.039892196655277,12.27395955104032,24.39610636557331
mistral-7b-instruct-v0.1@q8_0_172.csv,86,4.351256313274863,2.8509397506713867,0.0014325525844469,18.27854347229004,16.38553413054299,28.996814484277404
mistral-7b-instruct-v0.1@q8_0_173.csv,162,4.487193962400291,3.700120449066162,0.000501932692714,18.32301139831543,13.203086642357487,24.42850547382337
mistral-7b-instruct-v0.1@q8_0_174.csv,300,3.738344536899628,2.8575174808502197,0.0003597465693019,16.39256477355957,12.14440347466319,22.159462242046164
mistral-7b-instruct-v0.1@q8_0_175.csv,227,3.7508961639070493,2.9678988456726074,0.0002280670159962,27.904476165771484,13.584887022882599,26.594833111903064
mistral-7b-instruct-v0.1@q8_0_176.csv,85,3.388254588413025,2.074540853500366,0.0006074846023693,15.464247703552246,13.281145032821362,28.047572714046595
mistral-7b-instruct-v0.1@q8_0_177.csv,169,3.998702496711696,2.8398776054382324,0.0002366675325902,18.03546524047852,13.152181289476921,24.60953103145851
mistral-7b-instruct-v0.1@q8_0_178.csv,220,3.4791325617666273,2.800667643547058,0.0003003989695571,26.84859275817871,11.1358491472679,19.012301220767455
mistral-7b-instruct-v0.1@q8_0_179.csv,483,3.2107211688132713,2.348909616470337,7.739239663351327e-06,16.602313995361328,10.56070818362583,19.763892287700262
mistral-7b-instruct-v0.1@q8_0_18.csv,423,3.2532997577360416,2.5200936794281006,0.0002155103575205,14.830705642700195,7.5032036909039626,16.024416436347483
mistral-7b-instruct-v0.1@q8_0_180.csv,301,3.423903315799331,2.634988784790039,0.0002321952633792,14.925036430358888,9.864668802765209,20.003902520952014
mistral-7b-instruct-v0.1@q8_0_181.csv,582,3.367023851547606,2.733549118041992,0.000131744731334,22.549943923950195,10.303625195563123,20.010078664399504
mistral-7b-instruct-v0.1@q8_0_182.csv,485,3.2754940116901934,2.3710739612579346,0.0002349474380025,32.63032531738281,11.443210242835656,20.567083320918904
mistral-7b-instruct-v0.1@q8_0_183.csv,239,3.263323754780758,2.506527900695801,4.763998003909364e-05,14.833123207092283,8.37474608231295,17.599846982589128
mistral-7b-instruct-v0.1@q8_0_184.csv,243,3.588848984227185,2.606423139572144,0.0002020937681663,26.23334503173828,12.988162801556237,23.86209298038638
mistral-7b-instruct-v0.1@q8_0_185.csv,272,4.4224016853406605,3.259706974029541,0.0005330726853571,27.86173439025879,17.50629206829538,32.089138481344364
mistral-7b-instruct-v0.1@q8_0_186.csv,486,3.6695939239858646,2.7114150524139404,3.886860213242471e-05,16.237707138061523,11.853093248191636,23.178484110137806
mistral-7b-instruct-v0.1@q8_0_187.csv,286,3.2120845750784666,2.6166021823883057,2.2701888156007044e-05,15.921098709106444,7.581155598496893,13.840951090305953
mistral-7b-instruct-v0.1@q8_0_188.csv,122,4.072364664824833,3.309809684753418,0.0001116210551117,17.064729690551758,14.695524113006318,23.870294698307475
mistral-7b-instruct-v0.1@q8_0_189.csv,83,3.306649152727914,1.9666178226470947,6.931067036930472e-05,12.97898292541504,11.330941874485097,25.560089657431256
mistral-7b-instruct-v0.1@q8_0_19.csv,329,3.198038262943743,2.581869840621948,8.94312597665703e-06,18.106592178344727,8.359792098238616,14.636300650082138
mistral-7b-instruct-v0.1@q8_0_190.csv,277,3.1896025249539095,2.165878295898437,0.0003045274352189,21.010677337646484,11.97818187963381,18.313536070371963
mistral-7b-instruct-v0.1@q8_0_191.csv,303,3.67177979828144,2.5887222290039062,0.0004326012276578,16.57756805419922,10.265606902097023,20.767797567148705
mistral-7b-instruct-v0.1@q8_0_192.csv,160,4.2138098429441015,3.7187561988830566,0.0001494606694905,16.867324829101562,12.462965291949164,21.860815178064318
mistral-7b-instruct-v0.1@q8_0_193.csv,529,3.0283632003051375,2.3712470531463623,8.54779063956812e-05,14.952198028564451,7.503111791627049,15.2426207471458
mistral-7b-instruct-v0.1@q8_0_194.csv,246,3.2518317287472387,2.5299845933914185,0.0003647353150881,16.223962783813477,8.087282557998213,15.607696515390153
mistral-7b-instruct-v0.1@q8_0_195.csv,303,3.519768569348461,2.232867956161499,0.0002673717972356,21.21870231628418,12.925689761879822,25.831719255665103
mistral-7b-instruct-v0.1@q8_0_196.csv,358,3.0557379575295283,2.280893921852112,0.0002351194416405,18.54483795166016,8.784095446870436,16.1500004806742
mistral-7b-instruct-v0.1@q8_0_197.csv,158,3.757231608520347,3.211686134338379,7.739239663351327e-06,14.98315715789795,10.376110677163492,23.280291157517873
mistral-7b-instruct-v0.1@q8_0_198.csv,337,3.8525165328433415,2.936445713043213,0.0002389036817476,20.80115127563477,12.31149767727878,24.898655507079525
mistral-7b-instruct-v0.1@q8_0_199.csv,306,3.2252345115508625,2.2505927085876465,8.255190550698899e-06,23.50387191772461,11.692001519706457,20.267939736525673
mistral-7b-instruct-v0.1@q8_0_2.csv,266,3.2399253209494185,2.3868186473846436,0.0002363235107623,15.689922332763672,10.09646898157001,19.139374979597413
mistral-7b-instruct-v0.1@q8_0_20.csv,259,3.7403964041826643,2.882523775100708,0.0004917822079733,22.566553115844727,10.979358620721445,19.200453246598574
mistral-7b-instruct-v0.1@q8_0_200.csv,282,4.403799977659296,3.2541795969009404,0.0002098340919474,24.74073028564453,16.351841100292305,32.85186615271996
mistral-7b-instruct-v0.1@q8_0_201.csv,576,2.889218423214162,2.1522128582000732,0.0001594367204234,23.21040725708008,8.414231877931648,16.467317204529834
mistral-7b-instruct-v0.1@q8_0_202.csv,220,3.4897383890916402,2.2766659259796143,0.0002747684484347,23.93759155273437,13.23977211885499,23.485711440301515
mistral-7b-instruct-v0.1@q8_0_203.csv,188,3.7767755920362185,2.9542019367218018,8.599134844189393e-07,17.1776123046875,11.275509622118005,23.06903550189973
mistral-7b-instruct-v0.1@q8_0_204.csv,461,3.5157411570702815,2.412764310836792,0.0002067379537038,25.162931442260746,12.635908780595491,22.513558314676665
mistral-7b-instruct-v0.1@q8_0_205.csv,92,3.981781984268764,3.0130951404571533,1.1350899512763137e-05,18.4610652923584,12.368006579749515,27.017313836887737
mistral-7b-instruct-v0.1@q8_0_206.csv,112,3.524888523510786,2.6657698154449463,0.0004723416641354,14.819799423217772,12.250945979984662,21.75561390452795
mistral-7b-instruct-v0.1@q8_0_207.csv,390,3.5098632872192423,2.5466535091400146,2.7517486159922555e-05,17.742176055908203,10.400652446282754,19.002855521177693
mistral-7b-instruct-v0.1@q8_0_208.csv,673,3.5451620158797423,2.579661130905152,0.0001759489823598,18.07496452331543,11.690609589472297,22.681088486025693
mistral-7b-instruct-v0.1@q8_0_209.csv,101,4.351084578080442,3.482433319091797,9.975338616641238e-05,14.822823524475098,13.390121021724632,25.155295985963534
mistral-7b-instruct-v0.1@q8_0_21.csv,255,3.579436357133433,2.5908408164978027,0.0004221931740175,18.54339599609375,12.310308499229645,26.040144187690053
mistral-7b-instruct-v0.1@q8_0_210.csv,141,3.72107435745874,2.753197193145752,0.0003870988730341,22.27244758605957,13.832884041659323,25.382092187176504
mistral-7b-instruct-v0.1@q8_0_211.csv,51,5.4661380034305305,4.257277011871338,0.0504865460097789,25.43917465209961,20.533365228989787,39.82675062461776
mistral-7b-instruct-v0.1@q8_0_212.csv,241,3.6050242077309496,2.6013877391815186,0.0002739083720371,17.71628189086914,11.602525567162122,21.313067448201345
mistral-7b-instruct-v0.1@q8_0_213.csv,145,4.18295890141704,3.488381862640381,0.0004108390421606,21.068944931030277,13.906870887204382,22.53149527466303
mistral-7b-instruct-v0.1@q8_0_214.csv,263,3.9428569376737563,3.253053903579712,0.0002309911942575,22.205856323242188,13.231891466336654,25.891753129076196
mistral-7b-instruct-v0.1@q8_0_215.csv,136,3.508039026041281,2.4510865211486816,1.27267721836688e-05,24.842988967895508,14.292692053859362,31.453869465639244
mistral-7b-instruct-v0.1@q8_0_216.csv,468,3.881449116410652,3.3634248971939087,0.0001917734043672,15.975893020629885,10.070319809496603,20.47682102514359
mistral-7b-instruct-v0.1@q8_0_217.csv,174,3.235407122642661,1.9666532278060913,0.0001322607276961,17.5993709564209,11.889680597206102,25.559310001854794
mistral-7b-instruct-v0.1@q8_0_218.csv,256,3.45945508919624,2.6940319538116455,0.0002457841474097,17.554298400878906,10.128825181543418,20.31164359057374
mistral-7b-instruct-v0.1@q8_0_219.csv,262,4.075454711511719,3.182539939880371,0.0002986787876579,22.82865524291992,14.286030435429893,25.599258158889782
mistral-7b-instruct-v0.1@q8_0_22.csv,61,3.8990104858702446,3.632035970687866,0.0056668506003916,13.846518516540527,12.292335783159638,23.291364586000913
mistral-7b-instruct-v0.1@q8_0_220.csv,127,4.295460258107302,3.258387565612793,0.0018301097443327,17.113344192504883,14.24828282201889,30.034182803890754
mistral-7b-instruct-v0.1@q8_0_221.csv,312,4.268996269925176,3.0645759105682373,0.0001097291024052,22.67989921569824,16.611628668025414,35.14867562686343
mistral-7b-instruct-v0.1@q8_0_222.csv,425,3.9064617199560296,2.899906635284424,0.0002809610159602,24.12796401977539,12.60211991099048,21.765656493777325
mistral-7b-instruct-v0.1@q8_0_223.csv,432,3.5185512270828543,2.7189053297042847,0.0002088020410155,18.923627853393555,9.843230347767655,20.01265630609736
mistral-7b-instruct-v0.1@q8_0_224.csv,1017,3.3755156755748352,2.426948308944702,1.1866851309605408e-05,22.81471443176269,10.888199608056999,20.159150266798168
mistral-7b-instruct-v0.1@q8_0_225.csv,84,3.877540508085249,2.883134961128235,0.0002807890123222,21.515336990356445,14.797183421105748,32.44784641340731
mistral-7b-instruct-v0.1@q8_0_226.csv,274,2.5513786155094755,2.053148031234741,3.9556061892653815e-06,14.166635513305664,6.654291054601813,13.258220983884602
mistral-7b-instruct-v0.1@q8_0_227.csv,260,4.060978565045941,3.446802020072937,0.0002501704439055,20.52975273132324,12.740607545007133,24.7354388973266
mistral-7b-instruct-v0.1@q8_0_228.csv,119,3.3676861125521924,2.4941701889038086,0.0009019009303301,13.063042640686035,8.281821404798714,19.0308065149131
mistral-7b-instruct-v0.1@q8_0_229.csv,125,4.576965914711123,3.883373975753784,0.0003487369685899,16.768434524536133,12.233708094796745,25.474947522083163
mistral-7b-instruct-v0.1@q8_0_23.csv,808,3.5338401291002524,2.7292261123657227,0.0002065659500658,22.663087844848636,10.513280964985032,20.220243462774512
mistral-7b-instruct-v0.1@q8_0_230.csv,468,2.9002929166451015,1.9998968243598938,8.9089764514938e-05,19.301952362060547,8.116949149964503,16.605958721825385
mistral-7b-instruct-v0.1@q8_0_231.csv,6,12.39920981725057,15.708402633666992,1.4628920555114746,17.950340270996094,38.65267912189609,130.75976068283725
mistral-7b-instruct-v0.1@q8_0_232.csv,70,4.6091961706606,3.7121989727020264,0.000283541274257,15.57603931427002,14.100553288477565,32.4030088848117
mistral-7b-instruct-v0.1@q8_0_233.csv,228,3.6344397275687808,2.8605005741119385,0.0002165424084523,16.55129051208496,9.788786732532735,19.990279794376374
mistral-7b-instruct-v0.1@q8_0_234.csv,153,4.14597003886954,3.3882226943969727,0.0003829702036455,16.699554443359375,12.229058808185219,22.94581691892305
mistral-7b-instruct-v0.1@q8_0_235.csv,299,3.0004187355430334,2.4405903816223145,0.0002342593943467,17.220714569091797,6.898541629656435,12.542744294950314
mistral-7b-instruct-v0.1@q8_0_236.csv,117,3.7427810428897414,2.9738094806671143,0.0003212133597116,18.784011840820312,12.626760352990761,18.800455430034315
mistral-7b-instruct-v0.1@q8_0_237.csv,324,3.83767840746917,2.7311747074127197,0.0001847211970016,19.71617317199707,13.4205183863358,24.094321207817565
mistral-7b-instruct-v0.1@q8_0_238.csv,286,4.269423876871852,3.1511605978012085,0.0002038138336502,26.21280288696289,16.052659123322083,30.915596049897584
mistral-7b-instruct-v0.1@q8_0_239.csv,51,4.002434420451869,2.6751577854156494,0.0005263629136607,13.649884223937988,11.371968217885472,21.533541861039925
mistral-7b-instruct-v0.1@q8_0_24.csv,274,4.127634466628794,3.509240508079529,1.0662964086805005e-05,16.834062576293945,12.11968259995186,26.288096163772057
mistral-7b-instruct-v0.1@q8_0_240.csv,343,3.4342959118722445,2.708141803741455,6.690280133625492e-05,17.333393096923828,9.61518885903936,16.296240926950087
mistral-7b-instruct-v0.1@q8_0_241.csv,142,3.0731012044302397,2.58583927154541,2.2701888156007044e-05,12.870052337646484,8.045272156811707,18.799228404513514
mistral-7b-instruct-v0.1@q8_0_242.csv,117,4.550203539522635,3.544922351837158,0.0074447845108807,15.201870918273926,14.01116695475178,23.177874333789536
mistral-7b-instruct-v0.1@q8_0_243.csv,174,3.538902655335199,3.1994909048080444,0.0003963884664699,12.388036727905272,7.499510153655302,13.279591432292868
mistral-7b-instruct-v0.1@q8_0_244.csv,435,3.0706514568436902,2.350511312484741,7.326647028094158e-05,16.425817489624023,8.024973087518214,13.58737357519415
mistral-7b-instruct-v0.1@q8_0_245.csv,102,3.594464853830526,2.380279779434204,0.000653252005577,16.475370407104492,13.044021545686613,26.336541920454934
mistral-7b-instruct-v0.1@q8_0_246.csv,317,3.775939918960862,2.759881019592285,0.0002510305203031,18.17049598693848,13.450967822632936,24.84164502561068
mistral-7b-instruct-v0.1@q8_0_247.csv,192,4.5268521772072745,3.748159885406494,0.0003084838681388,23.20145606994629,15.204052468488522,27.035211334815944
mistral-7b-instruct-v0.1@q8_0_248.csv,212,3.856483678152935,3.30186665058136,0.0002494824002496,15.294344902038574,10.771461886095732,20.534323306348618
mistral-7b-instruct-v0.1@q8_0_249.csv,116,3.8051545380588103,3.0798985958099365,0.0003012590750586,28.643892288208008,14.295786298552832,25.11941992254968
mistral-7b-instruct-v0.1@q8_0_25.csv,319,3.9777851229026933,3.000922918319702,1.3414709428616334e-05,20.704248428344727,13.613530745542118,22.898376749715467
mistral-7b-instruct-v0.1@q8_0_250.csv,195,3.14261546336795,2.150530815124512,0.0001931494480231,18.22550773620605,9.686312862971466,15.649996174784079
mistral-7b-instruct-v0.1@q8_0_251.csv,251,3.179796907251754,2.435016393661499,0.0003236216434743,16.778728485107422,8.788077850099308,17.819554091491696
mistral-7b-instruct-v0.1@q8_0_252.csv,292,3.7140241819874413,2.724179983139038,0.0002697800227906,19.04303932189941,13.263763034763684,26.245743753060843
mistral-7b-instruct-v0.1@q8_0_253.csv,350,3.5442480635001057,2.8390008211135864,0.0002510305203031,28.90274429321289,10.77445653237098,20.023876392385827
mistral-7b-instruct-v0.1@q8_0_254.csv,5,11.461728477478028,14.574577331542969,1.4628920555114746,17.950340270996094,41.10998737174499,135.31722267702906
mistral-7b-instruct-v0.1@q8_0_255.csv,19,8.318317581752414,6.7889933586120605,0.0118653289973735,18.76177406311035,38.965989794647705,59.491941189423606
mistral-7b-instruct-v0.1@q8_0_256.csv,96,4.91951461386149,4.379635810852051,0.0013779809232801,14.94943618774414,14.7089027455683,25.103730023716846
mistral-7b-instruct-v0.1@q8_0_257.csv,551,3.421951802685023,2.6631557941436768,0.0002990228240378,17.537622451782227,9.555942593664865,19.662470306339976
mistral-7b-instruct-v0.1@q8_0_258.csv,72,4.62838669184589,3.498672604560852,2.063806641672272e-05,14.623980522155762,13.757721702707919,20.393487130051064
mistral-7b-instruct-v0.1@q8_0_259.csv,156,3.1486715532262632,2.3696913719177246,6.655882316408679e-05,17.26948356628418,9.88910616545726,20.900002142987045
mistral-7b-instruct-v0.1@q8_0_26.csv,355,3.6995687115729234,2.489535331726074,2.8549402486532927e-05,32.7768440246582,16.36985775537921,36.505831360977986
mistral-7b-instruct-v0.1@q8_0_260.csv,267,3.039564956526345,2.327951669692993,0.0003662835515569,17.961496353149414,8.434420024647,16.55140317525765
mistral-7b-instruct-v0.1@q8_0_261.csv,252,3.8234246819803728,2.7359769344329834,0.000116952942335,21.768917083740234,14.12707818255965,21.33833935537379
mistral-7b-instruct-v0.1@q8_0_262.csv,298,3.6778331953481262,2.526238441467285,0.0002167144120903,20.80280494689941,11.741950405587657,22.964918887634013
mistral-7b-instruct-v0.1@q8_0_263.csv,507,3.281021598748411,2.4384095668792725,9.992538252845408e-05,18.030426025390625,9.810040471442575,19.073220247536057
mistral-7b-instruct-v0.1@q8_0_264.csv,354,3.4462427753785927,2.53533673286438,0.0002254868741147,14.63182544708252,9.719304536440324,19.60678688180476
mistral-7b-instruct-v0.1@q8_0_265.csv,376,3.536546591210239,2.674896240234375,0.0002136182738468,20.4073429107666,10.284936236863649,19.983290058779218
mistral-7b-instruct-v0.1@q8_0_266.csv,339,3.615599475048629,2.7393579483032227,2.0637933175748917e-06,25.56302833557129,11.922717004208987,24.793590345433753
mistral-7b-instruct-v0.1@q8_0_267.csv,261,3.4157829457312783,2.925257682800293,0.0002696079900488,15.157562255859377,7.848921515391457,14.214217210037843
mistral-7b-instruct-v0.1@q8_0_268.csv,254,3.886944672718413,2.556723713874817,0.0002452681073918,19.13860893249512,14.581581331578597,26.510241191224875
mistral-7b-instruct-v0.1@q8_0_269.csv,173,3.832262738450066,2.9156782627105717,0.0001014733352349,17.50531768798828,11.643827493613331,22.307079331138638
mistral-7b-instruct-v0.1@q8_0_27.csv,253,3.99054037456057,3.029334783554077,0.0003360072441864,18.49060440063477,12.086364836050064,23.320703253394004
mistral-7b-instruct-v0.1@q8_0_270.csv,326,3.620864281664921,2.4905121326446533,7.773825200274587e-05,17.924802780151367,12.00540849280564,22.163039284081954
mistral-7b-instruct-v0.1@q8_0_271.csv,175,4.273508191367561,3.191884279251098,0.0001504926622146,20.208232879638672,15.70167768442695,30.293035737489703
mistral-7b-instruct-v0.1@q8_0_272.csv,125,3.701409472666448,2.986943483352661,0.0003647353150881,15.327728271484377,11.962008228904933,18.521872444901103
mistral-7b-instruct-v0.1@q8_0_273.csv,323,3.2023325409728183,2.4790377616882324,0.0001154049750766,15.265535354614258,8.765855381541513,15.651628481322778
mistral-7b-instruct-v0.1@q8_0_274.csv,176,4.119637587305326,2.992968440055847,0.0002979907148983,24.210886001586918,16.183451826031565,30.564755270572892
mistral-7b-instruct-v0.1@q8_0_275.csv,370,3.350468976320219,2.3992350101470947,0.0001976216008188,22.639083862304688,11.398638044997279,25.33990246845723
mistral-7b-instruct-v0.1@q8_0_276.csv,277,3.4596311796621744,2.5894200801849365,0.0002663397172,22.01328659057617,11.194344903188911,20.126830264967772
mistral-7b-instruct-v0.1@q8_0_277.csv,328,3.7074197867205374,2.5551583766937256,0.0003581983328331,21.220319747924805,13.585069055464352,25.753939577095114
mistral-7b-instruct-v0.1@q8_0_278.csv,168,3.186103941064868,2.3421112298965454,9.631350258132444e-05,15.68245792388916,8.730690343837745,17.694855019880332
mistral-7b-instruct-v0.1@q8_0_279.csv,159,3.6696511336784217,2.6967668533325195,0.0003502851759549,18.96465301513672,10.34962892027366,19.79944769953481
mistral-7b-instruct-v0.1@q8_0_28.csv,105,3.8503714601716985,2.941099166870117,1.0318963177269325e-06,15.378579139709473,10.91560092784044,24.53772449657413
mistral-7b-instruct-v0.1@q8_0_280.csv,344,3.495084566770793,2.597628116607666,0.0002880136889871,20.841815948486328,10.89581570040371,20.48582416948338
mistral-7b-instruct-v0.1@q8_0_281.csv,75,5.658888761078318,4.774328231811523,0.0026780180633068,14.921680450439451,15.460045792914743,38.20733142257072
mistral-7b-instruct-v0.1@q8_0_282.csv,220,4.075540819758978,2.9980220794677734,0.000414451729739,26.604167938232425,16.04866719872338,31.49291406556017
mistral-7b-instruct-v0.1@q8_0_283.csv,966,3.0564829634680164,2.2834577560424805,0.0001534166804049,15.25864315032959,7.972983524504437,16.718097737851917
mistral-7b-instruct-v0.1@q8_0_284.csv,333,3.727815439833266,2.6392688751220703,8.34139937069267e-05,23.031688690185547,16.70145068634463,34.610322194383215
mistral-7b-instruct-v0.1@q8_0_285.csv,374,3.559509340100606,2.775313377380371,3.181714055244811e-05,21.827299118041992,11.388919533679136,24.37647978014409
mistral-7b-instruct-v0.1@q8_0_286.csv,438,3.4546463821819144,2.7507739067077637,0.0002773486776277,15.94104290008545,9.195977141589246,17.84125997263078
mistral-7b-instruct-v0.1@q8_0_287.csv,259,3.992767426828291,2.973043441772461,0.0002611792879179,17.518245697021484,11.933147862311673,26.250888013539566
mistral-7b-instruct-v0.1@q8_0_288.csv,576,3.384719835192856,2.529124140739441,0.000240795809077,25.305986404418945,10.266729969154575,21.013663920776327
mistral-7b-instruct-v0.1@q8_0_289.csv,148,3.2453070312658627,2.672060012817383,1.530653753434308e-05,15.322389602661133,9.308811189286404,16.415227273132434
mistral-7b-instruct-v0.1@q8_0_29.csv,250,3.53571313769068,2.7950600385665894,9.803044122236315e-06,16.03095817565918,9.65739888445978,18.532978243646227
mistral-7b-instruct-v0.1@q8_0_290.csv,270,3.6201034429208248,2.5206680297851562,0.0002263469214085,25.477569580078125,13.038029814681677,25.60529255983452
mistral-7b-instruct-v0.1@q8_0_291.csv,421,3.1934233073261913,2.2922263145446777,0.0001955575280589,25.6687126159668,9.946302280969768,17.473007289429127
mistral-7b-instruct-v0.1@q8_0_292.csv,270,3.1485038468127002,2.3933186531066895,0.0002208426303695,17.390331268310547,9.854792880508189,16.70530739193984
mistral-7b-instruct-v0.1@q8_0_293.csv,184,3.9680366732229784,3.405163049697876,0.0003640472132246,16.107418060302734,10.402658471991783,17.433584700091334
mistral-7b-instruct-v0.1@q8_0_294.csv,66,4.3321545834522555,3.3772659301757812,0.0005873542977496,15.627514839172363,14.936382144586927,22.02476448964487
mistral-7b-instruct-v0.1@q8_0_295.csv,5,11.461728477478028,14.574577331542969,1.4628920555114746,17.950340270996094,41.10998737174499,135.31722267702906
mistral-7b-instruct-v0.1@q8_0_296.csv,210,3.3394828801051646,2.3753596544265747,0.0002019217645283,23.85755920410156,11.237173789340194,19.403805766039508
mistral-7b-instruct-v0.1@q8_0_297.csv,220,4.049508948352013,2.982843041419983,0.0002457841474097,19.902912139892575,14.536440870664187,27.145586360779514
mistral-7b-instruct-v0.1@q8_0_298.csv,415,3.053123373073857,2.1865575313568115,0.0002148223284166,17.046228408813477,9.067352684805439,18.442361227224357
mistral-7b-instruct-v0.1@q8_0_299.csv,348,3.5745430915865173,2.4084482192993164,0.000263587484369,21.090961456298828,12.774641335978504,18.97801938242893
mistral-7b-instruct-v0.1@q8_0_3.csv,319,3.7220629979829396,2.353932380676269,0.0002335713506909,21.148908615112305,14.887321177060471,22.88605051652175
mistral-7b-instruct-v0.1@q8_0_30.csv,269,3.921328137267046,2.789103746414185,0.0004348376533016,21.427621841430664,13.007602140384602,19.8130385614889
mistral-7b-instruct-v0.1@q8_0_31.csv,166,4.156687721148134,3.224384069442749,1.375861870656081e-06,17.33376693725586,15.137000867111157,27.92598257293604
mistral-7b-instruct-v0.1@q8_0_32.csv,162,4.079565752645808,3.3006439208984375,0.0001250368077307,23.925201416015625,13.684125179180402,24.51340272677416
mistral-7b-instruct-v0.1@q8_0_33.csv,64,5.594416751438985,4.15453028678894,0.019008370116353,20.439401626586918,21.944936344853218,40.76016430573257
mistral-7b-instruct-v0.1@q8_0_34.csv,5,11.461728477478028,14.574577331542969,1.4628920555114746,17.950340270996094,41.10998737174499,135.31722267702906
mistral-7b-instruct-v0.1@q8_0_35.csv,277,3.6181675310236456,2.853822946548462,0.0002387316635577,22.375844955444336,10.977917188411421,24.17745839404248
mistral-7b-instruct-v0.1@q8_0_36.csv,262,3.2525173739322644,2.339916706085205,0.0001971055753529,13.89407730102539,8.965725306328741,17.225803447861537
mistral-7b-instruct-v0.1@q8_0_37.csv,353,2.9914321569446707,2.420081615447998,0.0002615233242977,12.22964572906494,6.433101381381809,12.934787751423318
mistral-7b-instruct-v0.1@q8_0_38.csv,310,3.6241981428613643,2.756752133369446,5.675438842445146e-06,18.388132095336918,11.719912340331364,22.40622423076159
mistral-7b-instruct-v0.1@q8_0_39.csv,351,3.397932820497303,2.6558358669281006,0.000251546560321,18.02162742614746,9.977228437345032,18.568229602346328
mistral-7b-instruct-v0.1@q8_0_4.csv,185,3.9634399703710113,2.944099187850952,0.0003588864346966,25.65597915649414,14.546503304176907,27.46439204858138
mistral-7b-instruct-v0.1@q8_0_40.csv,288,2.9339105255455706,2.0363080501556396,0.000112653033284,22.222524642944336,8.82861742962429,18.48228115374608
mistral-7b-instruct-v0.1@q8_0_41.csv,629,3.3099727078140306,2.570119380950928,1.203879037348088e-06,14.645612716674805,9.463157037550172,18.217073253945834
mistral-7b-instruct-v0.1@q8_0_42.csv,349,3.2700818896596853,2.6460485458374023,9.975028660846874e-06,14.346181869506836,8.239610418747857,13.994081294834725
mistral-7b-instruct-v0.1@q8_0_43.csv,286,3.212888248317604,2.371062159538269,0.0003272340982221,14.483686447143556,9.400639258369349,17.6902639599693
mistral-7b-instruct-v0.1@q8_0_44.csv,220,3.66785455841792,2.815227508544922,0.000212414204725,14.5519437789917,12.18095595730188,20.708693069003832
mistral-7b-instruct-v0.1@q8_0_45.csv,103,4.433983013743661,3.4215950965881348,0.0074417595751583,18.714807510375977,15.283514797784546,28.770542314429193
mistral-7b-instruct-v0.1@q8_0_46.csv,536,3.6432646512665006,3.0192242860794067,5.417555075837299e-05,16.417762756347656,9.262561279242782,18.8861108248443
mistral-7b-instruct-v0.1@q8_0_47.csv,158,3.10181096350121,2.9327592849731445,0.0002268629468744,10.901436805725098,7.215696178581163,15.00501115534529
mistral-7b-instruct-v0.1@q8_0_48.csv,49,4.992443977570047,3.7749316692352295,0.0360277071595191,15.311254501342772,14.45371008392074,36.657384486586174
mistral-7b-instruct-v0.1@q8_0_49.csv,229,3.3912460767230015,2.664131164550781,2.424975718895439e-05,14.576491355895996,8.09677848205938,17.25699192247216
mistral-7b-instruct-v0.1@q8_0_5.csv,292,3.2887922082186,2.585745334625244,3.4396535397718253e-07,12.934621810913086,8.269565827774171,16.230413091898697
mistral-7b-instruct-v0.1@q8_0_50.csv,251,3.553240057609607,2.6454524993896484,0.000292314129183,16.27063751220703,10.966258202702754,19.655812937874725
mistral-7b-instruct-v0.1@q8_0_51.csv,175,3.408358566098946,2.1224372386932373,0.0003055595443584,19.35230255126953,14.470343595469854,21.906327019923214
mistral-7b-instruct-v0.1@q8_0_52.csv,444,3.550131471601387,2.656204104423523,1.4274630302679723e-05,21.27386474609375,10.639076471638809,22.02450166707313
mistral-7b-instruct-v0.1@q8_0_53.csv,219,3.5495965630445308,2.671276807785034,9.407757897861302e-05,18.074169158935547,10.611973494551675,19.416291661699205
mistral-7b-instruct-v0.1@q8_0_54.csv,424,3.5935301996047966,3.024031639099121,1.4102646673563868e-05,15.451416015625,9.435730386874026,19.879349914461585
mistral-7b-instruct-v0.1@q8_0_55.csv,184,3.877407043618207,2.919674873352051,0.000205189891858,21.068103790283203,14.534663926991664,20.460833074805205
mistral-7b-instruct-v0.1@q8_0_56.csv,209,4.076169667532528,3.1606507301330566,0.0002452681073918,20.492168426513672,13.637590009126644,30.425648105110255
mistral-7b-instruct-v0.1@q8_0_57.csv,291,3.5277538411752314,2.6146671772003174,0.0002627274079713,15.77589511871338,10.616868242344342,20.639016420848147
mistral-7b-instruct-v0.1@q8_0_58.csv,246,3.5884046480079737,2.6978155374526978,0.0004518691857811,31.50267791748047,12.473691408323187,23.524910232600764
mistral-7b-instruct-v0.1@q8_0_59.csv,250,3.1470722097960535,2.423438310623169,0.0001761209859978,20.25567626953125,9.91390611692693,18.68835721252212
mistral-7b-instruct-v0.1@q8_0_6.csv,413,3.078046079744337,2.247154712677002,4.98750569022377e-06,16.79300308227539,10.939076348517863,19.32763347398764
mistral-7b-instruct-v0.1@q8_0_60.csv,158,3.8663230662280546,3.0059633255004883,0.0003487369685899,16.978498458862305,11.432765509552743,22.032236137347393
mistral-7b-instruct-v0.1@q8_0_61.csv,73,3.860906224563871,3.13116192817688,0.0027777845971286,15.974238395690918,13.238953842395585,25.382486309089373
mistral-7b-instruct-v0.1@q8_0_62.csv,416,3.0279508371621286,2.4538341760635376,3.9556061892653815e-06,15.876104354858398,8.307436314610971,16.055235630995142
mistral-7b-instruct-v0.1@q8_0_63.csv,141,3.8762854400440947,2.920311212539673,0.0043768836185336,16.191936492919922,11.862841917038105,22.313499669433746
mistral-7b-instruct-v0.1@q8_0_64.csv,286,3.369741401591709,2.8924691677093506,0.0002156823611585,14.30494213104248,8.539646142263942,18.538204396192338
mistral-7b-instruct-v0.1@q8_0_65.csv,395,3.594062658139398,2.800432682037353,0.0003795296361204,18.34902572631836,10.712071864226662,20.58685981629643
mistral-7b-instruct-v0.1@q8_0_66.csv,299,3.2047880632935417,2.3875460624694824,0.0001513526658527,14.253564834594728,8.388072965649465,15.046821468495024
mistral-7b-instruct-v0.1@q8_0_67.csv,88,3.7141401556225238,2.7130762338638306,0.00033359893132,24.245161056518555,14.43191512578424,26.36359976087042
mistral-7b-instruct-v0.1@q8_0_68.csv,321,3.580324328738995,2.9579594135284424,7.223289230751106e-06,23.47921371459961,10.157259929165852,19.080942413111835
mistral-7b-instruct-v0.1@q8_0_69.csv,178,3.7625534438622625,2.4702823162078857,0.0002861215034499,19.645004272460938,15.467782199778329,27.239840542004355
mistral-7b-instruct-v0.1@q8_0_7.csv,278,3.61414369323097,2.70291006565094,0.0002580830478109,18.07208251953125,10.75958208738105,21.217626790006154
mistral-7b-instruct-v0.1@q8_0_70.csv,390,3.599265807371688,2.8395678997039795,7.515837933169678e-05,16.633319854736328,10.608892179812683,19.7309847212959
mistral-7b-instruct-v0.1@q8_0_71.csv,287,4.047263949539447,3.155954360961914,9.252963354811072e-05,22.5157470703125,14.611193535432015,26.607366007374335
mistral-7b-instruct-v0.1@q8_0_72.csv,403,3.365628187347358,2.366098165512085,4.299572538002394e-06,15.15579605102539,9.942613136773625,20.109068365889236
mistral-7b-instruct-v0.1@q8_0_73.csv,339,3.694621569375802,2.775888442993164,0.0003074517589993,20.50147247314453,12.132793758667892,23.947428631147403
mistral-7b-instruct-v0.1@q8_0_74.csv,784,3.0643545409179103,2.2608126401901245,0.0001351847022306,23.08247947692871,8.494791645190215,16.60661198159727
mistral-7b-instruct-v0.1@q8_0_75.csv,397,3.295125945818164,2.623185873031616,0.0002251428522868,14.06132984161377,7.486779621308667,15.160310420873898
mistral-7b-instruct-v0.1@q8_0_76.csv,364,3.578240274543062,2.7298766374588013,0.0002132742520188,18.13291931152344,11.325309132068437,21.79306822666687
mistral-7b-instruct-v0.1@q8_0_77.csv,256,2.8712803707418857,2.0358935594558716,0.0002249708486488,20.382020950317383,9.666870513915871,14.89944154152313
mistral-7b-instruct-v0.1@q8_0_78.csv,471,3.582003254746217,2.9713778495788574,3.628879494499415e-05,24.23689842224121,10.598297310239689,21.040806879892877
mistral-7b-instruct-v0.1@q8_0_79.csv,179,3.2115269765889014,2.3748364448547363,0.0003239657089579,13.761375427246094,8.994367941790891,18.408640956412206
mistral-7b-instruct-v0.1@q8_0_8.csv,512,3.8252806879079913,2.3290200233459473,0.0001871292624855,32.79273986816406,17.81774666785794,37.98596863111845
mistral-7b-instruct-v0.1@q8_0_80.csv,331,3.1756083106798747,2.401702404022217,0.0002168864302802,18.14925193786621,9.23921137387828,17.141048351159988
mistral-7b-instruct-v0.1@q8_0_81.csv,128,3.6140817546749986,2.685958743095398,0.0001430966658517,16.495431900024414,12.638813637217364,19.51602368941987
mistral-7b-instruct-v0.1@q8_0_82.csv,504,3.344659350552002,2.4152997732162476,0.0002893898345064,22.196502685546875,11.184596215231366,18.119147712488413
mistral-7b-instruct-v0.1@q8_0_83.csv,81,3.9177172122010098,2.940937757492065,0.0005806442932225,16.881532669067383,11.360702396242885,21.544344801415242
mistral-7b-instruct-v0.1@q8_0_84.csv,256,3.9887867390037286,2.9159549474716187,4.213636566419154e-05,18.45528221130371,13.986239189608021,26.16087439166361
mistral-7b-instruct-v0.1@q8_0_85.csv,220,3.4162536645200983,2.5075595378875732,0.0002892178017646,27.140405654907227,10.973456567831063,20.193278467574572
mistral-7b-instruct-v0.1@q8_0_86.csv,201,3.2284963333764085,2.3106882572174072,0.0003007430059369,15.230704307556152,9.376005088190187,21.24758500722303
mistral-7b-instruct-v0.1@q8_0_87.csv,249,3.5840631151795934,2.8536722660064697,9.390558261657134e-05,15.550263404846191,10.907891896689744,19.897155397269998
mistral-7b-instruct-v0.1@q8_0_88.csv,248,3.5951767045115695,2.8317785263061523,0.0002280670159962,16.923437118530273,9.729605950297726,19.684399480631466
mistral-7b-instruct-v0.1@q8_0_89.csv,477,3.0748857944785284,2.2719688415527344,5.056378722656518e-05,15.448881149291992,7.936329493389614,14.6422652476018
mistral-7b-instruct-v0.1@q8_0_9.csv,327,3.0491299575687076,2.2803988456726074,0.0002148223284166,15.085620880126951,7.82391862943136,15.628632613768128
mistral-7b-instruct-v0.1@q8_0_90.csv,101,4.048769862357628,3.1431946754455566,0.0003784974687732,20.11807632446289,12.573272360997475,24.608614382872318
mistral-7b-instruct-v0.1@q8_0_91.csv,389,4.006757091922187,3.253670215606689,4.1792391130002216e-05,20.610979080200195,12.426216448812921,24.762758183090575
mistral-7b-instruct-v0.1@q8_0_92.csv,236,4.004291201053509,3.032294750213623,0.0002370115544181,18.29239845275879,12.92300491684777,23.21355801854534
mistral-7b-instruct-v0.1@q8_0_93.csv,123,5.242738869262677,4.319150447845459,0.0036124570760875,15.618911743164062,16.145853219965762,30.058032065208263
mistral-7b-instruct-v0.1@q8_0_94.csv,48,3.983262387579695,1.9786863923072815,0.0029760454781353,14.835189819335938,14.055986003756567,33.32919593923997
mistral-7b-instruct-v0.1@q8_0_95.csv,196,3.7471074125723858,3.0046578645706177,0.0003003989695571,18.8123722076416,11.101338193660943,23.757916019249876
mistral-7b-instruct-v0.1@q8_0_96.csv,5,11.461728477478028,14.574577331542969,1.4628920555114746,17.950340270996094,41.10998737174499,135.31722267702906
mistral-7b-instruct-v0.1@q8_0_97.csv,173,3.8651653079244017,3.0009169578552246,0.0003108921227976,16.38814926147461,12.144910911633236,21.251960384297515
mistral-7b-instruct-v0.1@q8_0_98.csv,169,3.4638728272385224,2.5387942790985107,2.1497991838259622e-05,20.76938247680664,11.253832089074027,21.414385801901524
mistral-7b-instruct-v0.1@q8_0_99.csv,339,3.196178103942056,2.3205320835113525,0.0006310563767328,16.193946838378906,8.636649863339661,16.71625253927561
