filename,tokens,mean_surprisal,median_surprisal,min_surprisal,max_surprisal,uid_variance,uid_pairwise,vocab_size,sentence_length
mistral-7b-instruct-v0.1@q8_0_108.csv,403,4.203680894424184,3.033360481262207,0.0002909379836637,18.717639923095703,19.380409405020544,43.677626777240164,127,7.888888888888889
mistral-7b-instruct-v0.1@q8_0_120.csv,906,3.4280404573983505,2.550828456878662,0.0002060499245999,25.659818649291992,11.190628653915972,22.676415318191083,329,12.403508771929825
mistral-7b-instruct-v0.1@q8_0_134.csv,111,4.850450160615314,4.307796955108643,0.0068177399225533,23.022327423095703,14.143439979365038,29.289509947671434,81,9.333333333333334
mistral-7b-instruct-v0.1@q8_0_96.csv,611,3.0929709582793867,2.302781820297241,0.0002002016990445,21.966108322143555,7.864205779926351,14.621508421988285,208,13.657142857142857
mistral-7b-instruct-v0.1@q8_0_256.csv,336,3.6789263405452797,3.1308515071868896,1.4446614841290284e-05,19.852113723754883,9.983654460603198,21.00842769501726,175,17.0
mistral-7b-instruct-v0.1@q8_0_242.csv,99,4.927036344981517,4.671159744262695,0.0026878393255174,15.447958946228027,11.717074158985392,19.21583414986091,80,9.625
mistral-7b-instruct-v0.1@q8_0_82.csv,1023,4.253966034928966,3.0574967861175537,0.0002055339136859,34.38010787963867,20.070499392844315,44.10123936961567,363,12.557377049180328
mistral-7b-instruct-v0.1@q8_0_69.csv,567,3.220640345555089,2.1319711208343506,6.862270674901083e-05,16.31875228881836,9.742392977917639,20.7407852573604,274,10.365853658536585
mistral-7b-instruct-v0.1@q8_0_55.csv,153,3.5772549194310224,2.8387417793273926,0.000241311834543,16.501665115356445,9.769318955316972,19.083871227252313,97,21.333333333333332
mistral-7b-instruct-v0.1@q8_0_295.csv,518,3.306833369659181,2.449629306793213,9.166966628981754e-05,16.99810218811035,9.943486448019364,18.18697112462845,212,9.975609756097562
mistral-7b-instruct-v0.1@q8_0_281.csv,452,3.2499431510525705,2.340130567550659,0.0007139046210795,20.474292755126953,11.88182490060986,22.450659962819227,163,9.06060606060606
mistral-7b-instruct-v0.1@q8_0_41.csv,747,3.2488787200903366,2.428879976272583,0.0001769810041878,32.07271957397461,13.11093293974308,27.145576107792856,278,11.018867924528301
mistral-7b-instruct-v0.1@q8_0_280.csv,425,3.6482842641276556,2.8103930950164795,0.000205189891858,24.39367294311523,11.21866148933512,20.11438884948908,191,15.434782608695652
mistral-7b-instruct-v0.1@q8_0_40.csv,907,3.5331748020914038,2.527247428894043,4.144841295783408e-05,18.661943435668945,10.116229464536646,21.087152513089205,338,19.41025641025641
mistral-7b-instruct-v0.1@q8_0_54.csv,361,3.330111928354388,2.4518635272979736,0.0002701240300666,24.54722785949707,9.16800674425749,19.19967631707634,159,17.705882352941178
mistral-7b-instruct-v0.1@q8_0_294.csv,262,4.581796121776446,3.58976674079895,0.0415684431791305,18.21574592590332,16.12712753549455,34.75875654288011,113,176.0
mistral-7b-instruct-v0.1@q8_0_68.csv,918,3.3270666372139686,2.565459728240967,0.000131744731334,23.97292137145996,8.72094128653823,18.214049038506648,359,19.21951219512195
mistral-7b-instruct-v0.1@q8_0_243.csv,49,4.286806520758843,3.8293840885162354,0.4655210077762604,11.41797924041748,6.233959896259799,10.575969981090882,36,8.4
mistral-7b-instruct-v0.1@q8_0_83.csv,250,3.6935234741917813,3.1055996417999268,0.0004030976560898,17.055572509765625,10.509850983656506,19.902567207454197,120,10.294117647058824
mistral-7b-instruct-v0.1@q8_0_97.csv,388,3.483038526322771,2.6018598079681396,0.0002155103575205,14.50790023803711,9.185724572860405,19.897057593670766,199,17.31578947368421
mistral-7b-instruct-v0.1@q8_0_257.csv,596,3.4267337292834865,2.7233340740203857,0.0003131284029223,15.853375434875488,8.57558477285867,17.07277302662255,243,13.222222222222221
mistral-7b-instruct-v0.1@q8_0_135.csv,161,3.9938498990616025,2.9977569580078125,0.0043416931293904,17.65959358215332,12.57484280326839,17.951946848879558,95,11.2
mistral-7b-instruct-v0.1@q8_0_121.csv,105,4.028091042475509,3.389986276626587,0.0010435380972921,23.403905868530273,12.988740456235954,20.91811772228075,75,7.363636363636363
mistral-7b-instruct-v0.1@q8_0_109.csv,509,3.5016191674023935,2.6746864318847656,0.0004649440234061,25.766984939575195,10.699847592835459,21.457931523320045,236,10.526315789473685
mistral-7b-instruct-v0.1@q8_0_137.csv,316,3.717724975229545,3.0939714908599854,0.0004113551403861,26.981903076171875,9.976489808357712,16.996864182853397,162,6.323529411764706
mistral-7b-instruct-v0.1@q8_0_123.csv,152,4.06150054167129,3.419859290122986,0.0020762060303241,15.996196746826172,12.191002886893859,23.00994508717549,88,10.1
mistral-7b-instruct-v0.1@q8_0_269.csv,677,3.1821671810036816,2.4279589653015137,6.363371994666522e-06,16.29453468322754,7.668344906207751,16.488697393609232,233,15.8
mistral-7b-instruct-v0.1@q8_0_81.csv,229,3.82163057284235,3.0259110927581787,0.0002775207103695,14.69057846069336,9.215546671720523,17.91056585770932,133,12.466666666666667
mistral-7b-instruct-v0.1@q8_0_241.csv,439,3.3681739654986362,2.47929310798645,3.4912900446215644e-05,14.989538192749023,9.923520674591698,19.807106136991113,192,18.526315789473685
mistral-7b-instruct-v0.1@q8_0_255.csv,681,3.5238116677845697,2.650277614593506,0.0003028072242159,19.407711029052734,9.331829549080247,20.79061515274611,293,30.31578947368421
mistral-7b-instruct-v0.1@q8_0_95.csv,1023,2.8196523471936152,2.0998077392578125,3.147316965623759e-05,19.56846809387207,7.068344649159646,13.757394543327662,339,9.493975903614459
mistral-7b-instruct-v0.1@q8_0_42.csv,463,3.2137632656410124,2.373623847961426,0.0003329108294565,23.318649291992188,9.214240849767801,16.962252417125534,185,14.0
mistral-7b-instruct-v0.1@q8_0_282.csv,648,3.151079881604369,2.4057586193084717,9.287361899623647e-05,23.179471969604492,8.26418892942644,15.767389043076461,279,12.142857142857142
mistral-7b-instruct-v0.1@q8_0_296.csv,425,3.112976260825389,2.4417076110839844,0.0001585767167853,25.009178161621097,8.884410163354135,15.275967292883896,186,12.517241379310345
mistral-7b-instruct-v0.1@q8_0_56.csv,438,3.287140190073493,2.452067732810974,0.0001805930805858,22.161779403686523,10.356286097646949,17.960499365421633,176,7.05
mistral-7b-instruct-v0.1@q8_0_297.csv,90,5.1305708558492675,4.822343111038208,0.0016000677132979,23.028709411621097,16.761533942622,34.73957243735867,73,18.25
mistral-7b-instruct-v0.1@q8_0_57.csv,360,4.033675921515533,3.0816248655319214,0.0001430966658517,17.478050231933594,13.087638913912032,27.283323446111417,205,14.0
mistral-7b-instruct-v0.1@q8_0_43.csv,330,4.04846088461742,2.8299671411514282,0.0001773250114638,25.09836196899414,14.929372802941424,29.319639595213555,166,15.411764705882353
mistral-7b-instruct-v0.1@q8_0_283.csv,1023,3.3131429165578856,2.332491159439087,6.604284862987697e-05,15.767841339111328,9.312074155605266,20.377946288250293,425,14.709090909090909
mistral-7b-instruct-v0.1@q8_0_254.csv,247,4.039173704187898,3.3561651706695557,0.0002632434479892,18.038328170776367,11.653665282228836,21.247764491239046,137,14.214285714285714
mistral-7b-instruct-v0.1@q8_0_94.csv,177,3.8778250674300465,3.0454695224761963,0.000228755059652,16.913230895996094,11.30037942642255,23.1147944836485,110,14.2
mistral-7b-instruct-v0.1@q8_0_80.csv,112,4.633565168445265,3.3324137926101685,0.0008694622665643,18.97333526611328,16.570914920764192,32.19132986528275,71,9.444444444444445
mistral-7b-instruct-v0.1@q8_0_240.csv,238,3.4171144493401613,2.7361937761306763,0.006872690282762,18.913848876953125,8.605342803788394,15.01662783487008,117,7.041666666666667
mistral-7b-instruct-v0.1@q8_0_268.csv,606,3.100669195532955,2.1898632049560547,0.0002759725612122,22.984533309936523,10.453245692211974,21.025398295256373,268,25.058823529411764
mistral-7b-instruct-v0.1@q8_0_122.csv,171,3.5824625224898954,1.9021376371383667,0.0110451932996511,21.03384780883789,15.680018533727786,28.276579658743366,75,5.894736842105263
mistral-7b-instruct-v0.1@q8_0_136.csv,71,4.052511566385797,2.6935153007507324,0.0003793576033785,20.707216262817383,15.513046543031619,25.2007134189018,55,12.75
mistral-7b-instruct-v0.1@q8_0_132.csv,235,3.4848521000148973,3.280945301055908,0.0001707888877717,12.044713973999023,6.725252258299808,13.54793155458231,119,15.76923076923077
mistral-7b-instruct-v0.1@q8_0_126.csv,1023,3.1882946987520584,2.2260565757751465,0.0001200488841277,18.136274337768555,9.399740839824581,18.184402950214423,408,20.794871794871796
mistral-7b-instruct-v0.1@q8_0_244.csv,151,4.596229486918927,3.9138858318328857,0.0002725322556216,22.358972549438477,13.174105811494838,25.144500803604146,96,10.333333333333334
mistral-7b-instruct-v0.1@q8_0_84.csv,145,4.686420456983213,3.8064234256744385,0.000574966543354,27.566152572631836,17.420195145640758,36.12815501950601,91,9.333333333333334
mistral-7b-instruct-v0.1@q8_0_90.csv,61,3.9155361484774374,3.809355974197388,0.0012102334294468,12.609789848327637,6.381594818216808,14.675049305264745,49,7.142857142857143
mistral-7b-instruct-v0.1@q8_0_250.csv,413,3.7795429684322657,3.052980661392212,0.0005797839839942,14.235162734985352,9.127124187380986,15.822579142304306,195,9.32258064516129
mistral-7b-instruct-v0.1@q8_0_278.csv,139,3.740103251496104,3.035579204559326,0.0001415486622136,24.879682540893555,13.573304813367253,22.562647188842757,90,19.666666666666668
mistral-7b-instruct-v0.1@q8_0_287.csv,592,3.3929896599945364,2.7511688470840454,0.0003231055743526,29.65999984741211,9.423767271157397,18.623695717946454,286,10.4
mistral-7b-instruct-v0.1@q8_0_47.csv,236,2.9436319460949916,1.8351603746414185,8.599388820584863e-05,14.984328269958496,9.58687398216855,14.233002185003155,110,9.882352941176471
mistral-7b-instruct-v0.1@q8_0_53.csv,217,3.5956223534740275,2.8557322025299072,0.0002222187031293,12.965855598449709,8.686320727320792,19.382575306444306,130,22.75
mistral-7b-instruct-v0.1@q8_0_293.csv,238,4.19659985576589,3.3925634622573853,0.0008014037157408,22.75092506408691,11.338912094603248,23.09018869085834,139,13.142857142857142
mistral-7b-instruct-v0.1@q8_0_52.csv,1023,3.27677848141587,2.45669937133789,0.000131572727696,16.138980865478516,8.615986655546413,17.323965741427653,349,11.8
mistral-7b-instruct-v0.1@q8_0_292.csv,616,3.0056129691308,2.1162220239639282,0.0002032978227362,17.5301570892334,8.127519752233459,16.5596478754199,285,11.209302325581396
mistral-7b-instruct-v0.1@q8_0_286.csv,1023,3.4627057102225827,2.5867302417755127,0.0001620167604414,20.57932472229004,9.95004625048207,19.442136741245516,384,13.446428571428571
mistral-7b-instruct-v0.1@q8_0_46.csv,1023,1.6930704687015967,0.0282617565244436,0.0003747128648683,18.807533264160156,10.728654579927902,17.098147688902202,16,3.191780821917808
mistral-7b-instruct-v0.1@q8_0_279.csv,1023,3.2773417844859822,2.3088905811309814,0.0004737179842777,18.193511962890625,10.24623371141649,19.028011623489764,339,21.65714285714286
mistral-7b-instruct-v0.1@q8_0_91.csv,379,3.911957648787328,2.9514880180358887,1.5994475688785315e-05,23.31032943725586,13.531874565697256,28.471234372646663,218,17.11111111111111
mistral-7b-instruct-v0.1@q8_0_251.csv,1023,3.147051314899212,2.117990732192993,2.579742158559384e-06,24.50986099243164,9.59584106445174,19.940406163802866,361,20.054054054054053
mistral-7b-instruct-v0.1@q8_0_245.csv,344,4.081332268978152,3.147250533103943,0.0008031245088204,16.337425231933594,12.124122830177633,24.01890382278863,177,18.533333333333335
mistral-7b-instruct-v0.1@q8_0_85.csv,71,4.821399902753962,4.125852108001709,0.0004744061443489,23.347393035888672,14.615048708312312,27.453650827981445,61,15.0
mistral-7b-instruct-v0.1@q8_0_127.csv,149,4.301065744315712,3.4261233806610107,0.0012714258627966,17.173301696777344,13.064746339768229,22.571862856443396,92,13.625
mistral-7b-instruct-v0.1@q8_0_133.csv,283,3.498878057780414,2.262950897216797,0.000212242201087,18.178495407104492,11.632419316005477,23.06169913126254,145,11.352941176470589
mistral-7b-instruct-v0.1@q8_0_125.csv,1023,3.593116043015851,2.701568841934204,0.0001627047604415,18.350736618041992,10.49241390035159,21.552821915723214,424,15.903846153846153
mistral-7b-instruct-v0.1@q8_0_131.csv,144,3.374702495770988,2.49626362323761,0.0003805618034675,22.67307472229004,10.85351797694642,18.709292191992578,94,18.833333333333332
mistral-7b-instruct-v0.1@q8_0_119.csv,1023,3.1915943560339772,2.375368356704712,0.0001773250114638,18.688892364501953,9.116678682447041,17.68497520267579,375,10.36986301369863
mistral-7b-instruct-v0.1@q8_0_253.csv,552,3.5979510517704973,2.700850486755371,0.0003815939708147,20.466054916381836,9.52128884697064,20.07986391271379,252,8.470588235294118
mistral-7b-instruct-v0.1@q8_0_93.csv,861,2.4222407539699424,1.5362157821655271,0.0001492886658525,14.944271087646484,6.524183251938536,12.328985757847951,245,10.301587301587302
mistral-7b-instruct-v0.1@q8_0_87.csv,303,3.9273026316970734,3.1278162002563477,0.0003454685211181,19.083393096923828,12.102621103187508,24.81871378026297,160,11.9
mistral-7b-instruct-v0.1@q8_0_247.csv,595,3.5265921903470874,2.799729585647583,0.0002383876417297,32.197059631347656,10.335024779022024,19.04069536379942,249,17.79310344827586
mistral-7b-instruct-v0.1@q8_0_290.csv,579,3.2971708854292046,2.4430646896362305,0.0009337379597127,17.79176139831543,8.976497731541972,17.86164217926191,246,16.896551724137932
mistral-7b-instruct-v0.1@q8_0_50.csv,516,3.3658307087663237,2.4699336290359497,0.0001391406694892,32.89448547363281,11.725048305037141,22.12145087349754,255,14.75
mistral-7b-instruct-v0.1@q8_0_44.csv,357,3.796543263334623,2.964214324951172,0.0002366675325902,15.888718605041504,10.766815243610269,20.9381537885719,194,21.923076923076923
mistral-7b-instruct-v0.1@q8_0_284.csv,445,3.251303710369393,2.469555616378784,0.0001819691242417,13.32135009765625,7.615417253015887,16.542153595462914,202,12.433333333333334
mistral-7b-instruct-v0.1@q8_0_78.csv,673,3.2860396441329445,2.4142799377441406,0.0002720162156037,15.682762145996094,10.47646685903552,19.125097182580753,262,16.77777777777778
mistral-7b-instruct-v0.1@q8_0_79.csv,226,3.2079061529536124,2.8834251165390015,3.99005257349927e-05,15.082871437072754,7.584460954809289,16.070854716850064,127,21.11111111111111
mistral-7b-instruct-v0.1@q8_0_45.csv,707,3.84133745762522,2.7753758430480957,0.0001456766622141,18.658771514892575,12.522886533133395,26.167198109873205,339,28.65
mistral-7b-instruct-v0.1@q8_0_285.csv,826,2.6683895347760807,1.8407602310180666,0.0002179184812121,19.373571395874023,7.49752584691292,14.77284282886223,283,9.545454545454545
mistral-7b-instruct-v0.1@q8_0_291.csv,206,3.878661835331072,2.980778217315674,0.0518031865358352,22.506914138793945,10.89949026408013,23.096421079833412,128,8.25
mistral-7b-instruct-v0.1@q8_0_51.csv,1023,3.0855424860020655,2.177433729171753,9.906540799420328e-05,17.70846176147461,9.100981027280678,18.885562892283463,374,8.816091954022989
mistral-7b-instruct-v0.1@q8_0_86.csv,1023,3.631969219756441,2.8730978965759277,0.0002716721792239,31.31099319458008,10.933745954246524,23.020896753366248,432,13.803571428571429
mistral-7b-instruct-v0.1@q8_0_246.csv,940,3.367937458101775,2.5298136472702026,2.8377417038427662e-05,15.619126319885254,9.709426652327192,21.102772308351508,431,13.087719298245615
mistral-7b-instruct-v0.1@q8_0_252.csv,485,3.123482354916632,2.4308815002441406,0.0028021673206239,20.08539390563965,7.728767453534152,14.725369961222595,183,7.195652173913044
mistral-7b-instruct-v0.1@q8_0_92.csv,900,3.2965141944942458,2.2338229417800903,0.0001527286804048,20.572162628173828,11.167187153899675,21.550210108453232,373,15.063829787234043
mistral-7b-instruct-v0.1@q8_0_118.csv,1023,3.6330986701618824,2.6941030025482178,0.0001998576772166,15.11021900177002,10.157134780563188,22.882814093650623,476,12.075757575757576
mistral-7b-instruct-v0.1@q8_0_130.csv,241,3.483352626941246,2.753835916519165,0.0004129034350626,22.956377029418945,8.924412651963163,16.006804963772197,124,17.181818181818183
mistral-7b-instruct-v0.1@q8_0_124.csv,77,5.304959841489841,4.275300979614258,0.0022872895933687,20.199684143066406,18.239246994744292,32.08790459134453,59,12.4
mistral-7b-instruct-v0.1@q8_0_143.csv,673,3.3594130084232874,2.4185125827789307,8.083411375992e-05,15.67216968536377,9.680306699296738,19.809134540226843,308,19.379310344827587
mistral-7b-instruct-v0.1@q8_0_157.csv,413,3.6623292045366953,2.929750680923462,1.7198275372720673e-06,19.017879486083984,10.453092576970056,20.172780371051893,213,11.5
mistral-7b-instruct-v0.1@q8_0_3.csv,192,5.018930992817332,3.6638214588165283,0.0030454993247985,34.42012023925781,23.37730811157979,43.75731581464947,136,13.090909090909092
mistral-7b-instruct-v0.1@q8_0_180.csv,453,3.6609198334747637,2.736307144165039,0.001317988964729,26.528318405151367,11.511451744598295,23.07806058959728,213,12.10344827586207
mistral-7b-instruct-v0.1@q8_0_194.csv,302,3.2589897001111097,2.6478723287582397,0.000228583056014,13.054855346679688,8.033148599952423,18.000385208393983,164,16.125
mistral-7b-instruct-v0.1@q8_0_209.csv,876,3.046517050152731,2.1356756687164307,0.0001984816335607,15.180075645446776,7.968990536902545,16.815361384672283,322,12.392857142857142
mistral-7b-instruct-v0.1@q8_0_235.csv,45,4.708976633004689,4.6940460205078125,0.0006097213481552,15.173747062683104,11.416587460087994,26.695376212084874,39,43.0
mistral-7b-instruct-v0.1@q8_0_221.csv,5,11.461728477478028,14.574577331542969,1.4628920555114746,17.950340270996094,41.10998737174499,135.31722267702906,5,3.0
mistral-7b-instruct-v0.1@q8_0_36.csv,472,4.257335243135046,3.246184229850769,1.5650506611564197e-05,15.252016067504885,12.8617543429401,26.709017289777318,272,13.76923076923077
mistral-7b-instruct-v0.1@q8_0_22.csv,419,3.887191549198161,3.004260301589966,0.000824978633318,26.243118286132812,12.599545007785771,25.564997935533054,210,11.7
mistral-7b-instruct-v0.1@q8_0_23.csv,315,3.334541320891927,2.4158308506011963,0.0001761209859978,15.32514476776123,8.508766913407529,17.603686752375886,170,15.352941176470589
mistral-7b-instruct-v0.1@q8_0_37.csv,268,3.9279840596077995,2.276387572288513,0.0007561478414572,23.44126892089844,18.546434607298377,36.87037876573111,97,15.272727272727273
mistral-7b-instruct-v0.1@q8_0_220.csv,76,4.299105509968572,3.5399622917175293,0.0331613756716251,14.73521614074707,11.55739467163289,17.856180134730423,52,11.0
mistral-7b-instruct-v0.1@q8_0_234.csv,264,4.2417322664291675,2.9804826974868774,0.0003590584674384,35.26033020019531,22.447849307321718,36.26452624056571,139,22.0
mistral-7b-instruct-v0.1@q8_0_208.csv,149,4.172191597104867,3.447373390197754,0.0004209889448247,28.086933135986328,13.675815877659328,28.08570548997495,99,5.777777777777778
mistral-7b-instruct-v0.1@q8_0_195.csv,779,2.935482459987805,1.8862483501434328,0.0001709608914097,24.13307762145996,9.502240569130219,16.604483096881758,244,11.975609756097562
mistral-7b-instruct-v0.1@q8_0_181.csv,305,3.967434024867663,3.230592727661133,0.0007781733293086,21.01247215270996,10.67213326786301,18.651383605262648,158,14.588235294117647
mistral-7b-instruct-v0.1@q8_0_2.csv,268,4.273559237212645,3.4420340061187744,0.0013364080805331,27.910280227661133,13.613316475805938,21.62619842881697,143,11.555555555555555
mistral-7b-instruct-v0.1@q8_0_156.csv,603,3.0331098295780667,2.1062090396881104,0.0014318639878183,18.1557559967041,9.040837832416315,14.088749562502516,200,9.973684210526315
mistral-7b-instruct-v0.1@q8_0_142.csv,348,3.8892729354345064,3.0055960416793823,0.0004375902353785,18.062999725341797,13.585341271176537,32.87163220211669,156,7.59375
mistral-7b-instruct-v0.1@q8_0_168.csv,262,3.9833165293862467,3.2069660425186157,0.0007473721634596,20.303661346435547,11.326168449598573,22.133217702997378,155,11.882352941176471
mistral-7b-instruct-v0.1@q8_0_154.csv,618,3.100877972253014,2.3672096729278564,0.0001518686767667,16.380088806152344,7.252465474272767,14.382991339797796,254,20.0
mistral-7b-instruct-v0.1@q8_0_140.csv,474,3.206588074359365,2.5088683366775513,0.0001797330623958,14.495535850524902,7.8086870763279626,15.57577083457747,224,20.6
mistral-7b-instruct-v0.1@q8_0_0.csv,405,3.452790384819224,2.3464956283569336,0.0002041578554781,22.900808334350582,10.760765530120755,21.69359174892282,172,8.076923076923077
mistral-7b-instruct-v0.1@q8_0_197.csv,95,4.759116470343188,4.306394577026367,0.0856889635324478,18.390419006347656,10.269522882384624,23.58954222295868,61,9.125
mistral-7b-instruct-v0.1@q8_0_183.csv,552,3.43423160168377,2.5792607069015503,0.0002019217645283,18.399076461791992,8.96737311702081,18.84092513227977,245,9.577777777777778
mistral-7b-instruct-v0.1@q8_0_222.csv,1023,3.1675823890790484,2.1191816329956055,1.6166459317901172e-05,16.64914894104004,9.482307343725942,20.359296077760902,414,14.981481481481481
mistral-7b-instruct-v0.1@q8_0_236.csv,474,3.7956048433732708,3.1616790294647217,0.0001601247349753,17.883270263671875,10.059931469832502,21.59788709951878,230,16.458333333333332
mistral-7b-instruct-v0.1@q8_0_21.csv,499,3.5685210186279592,2.7493896484375,0.000489545695018,18.59688186645508,9.488491853095974,17.885673561015537,222,18.782608695652176
mistral-7b-instruct-v0.1@q8_0_35.csv,421,3.2050212963312337,2.5626330375671387,7.240651029860601e-05,17.16499900817871,7.302334240847348,13.891766480406586,213,11.6
mistral-7b-instruct-v0.1@q8_0_34.csv,378,3.5802400968078816,2.7736775875091553,9.510954259894788e-05,28.232332229614254,10.960162323062963,22.097527689151708,181,10.517241379310345
mistral-7b-instruct-v0.1@q8_0_20.csv,88,4.949525655649433,4.312415599822998,0.0058478955179452,14.24484920501709,10.423264711282258,20.238148851837902,66,10.833333333333334
mistral-7b-instruct-v0.1@q8_0_237.csv,594,3.4753014304155214,2.7817375659942627,0.0005586217739619,16.99974250793457,9.874302124386555,18.01683909496572,256,17.074074074074073
mistral-7b-instruct-v0.1@q8_0_223.csv,401,3.6683743065281162,2.910045862197876,0.0014162841252982,21.382505416870117,10.583079321254054,21.437193577136046,173,17.55
mistral-7b-instruct-v0.1@q8_0_182.csv,447,3.3442712146352602,2.4289262294769287,0.000616603589151,22.764970779418945,9.79942336258754,17.087271332572463,183,8.157894736842104
mistral-7b-instruct-v0.1@q8_0_196.csv,1023,2.9462760093486833,2.0675346851348877,0.0001819691242417,19.41483688354492,8.190754727440563,16.08442754653,333,7.53125
mistral-7b-instruct-v0.1@q8_0_1.csv,324,3.6993822083836894,2.7664321660995483,3.2676741739123827e-06,18.869590759277344,9.980939282289727,19.111995612449658,175,11.478260869565217
mistral-7b-instruct-v0.1@q8_0_141.csv,436,3.7298949437614333,3.047358274459839,2.7345500711817294e-05,17.75425910949707,10.744030420269677,23.149906184580637,232,17.65
mistral-7b-instruct-v0.1@q8_0_155.csv,1023,2.8409484718402327,2.0606181621551514,0.0004175482899881,14.26344871520996,7.217163894344403,13.358260282078243,278,6.417391304347826
mistral-7b-instruct-v0.1@q8_0_169.csv,977,2.9816033998834937,2.116553783416748,7.137456850614399e-05,17.84759521484375,8.209763244733908,16.074457888509976,304,12.39344262295082
mistral-7b-instruct-v0.1@q8_0_151.csv,159,3.68570096095328,2.914207696914673,0.0002060499245999,24.93794059753418,10.570598559903623,17.459067657303972,100,17.125
mistral-7b-instruct-v0.1@q8_0_145.csv,302,4.076504358076776,2.766496181488037,0.000660048390273,24.077152252197266,16.663290550010103,35.52409115026581,116,9.956521739130435
mistral-7b-instruct-v0.1@q8_0_179.csv,76,5.39110422716476,4.0362708568573,0.0026610465720295,25.006492614746097,25.608995503017713,45.2128842049789,51,6.428571428571429
mistral-7b-instruct-v0.1@q8_0_192.csv,714,2.918117897764121,2.1008527278900146,0.0001546206913189,15.990598678588867,7.902484890838581,14.956216191849004,219,7.125
mistral-7b-instruct-v0.1@q8_0_186.csv,1023,2.9817057059512915,2.3567111492156982,4.5920100092189386e-05,17.74455451965332,7.281939818080889,14.54419660329521,400,13.081967213114755
mistral-7b-instruct-v0.1@q8_0_5.csv,322,4.08894430094844,3.4775980710983276,0.0009997375309467,23.93052864074707,10.173174753696344,18.763793000357285,153,12.619047619047619
mistral-7b-instruct-v0.1@q8_0_227.csv,57,6.429285394779423,5.49894905090332,0.2412251681089401,18.742612838745117,25.829485405552536,39.902566842591035,43,6.166666666666667
mistral-7b-instruct-v0.1@q8_0_233.csv,1023,2.884275078699416,1.964671850204468,0.0006738133961334,15.691644668579102,7.836556961274383,14.391758912492255,342,12.163934426229508
mistral-7b-instruct-v0.1@q8_0_24.csv,485,3.3703800230450836,2.803148031234741,0.0001783570332918,16.10841178894043,8.249108838968189,16.78566248097561,209,20.095238095238095
mistral-7b-instruct-v0.1@q8_0_30.csv,1023,2.389379096952759,1.3145006895065308,0.0006911918171681,19.747230529785156,8.237112515394816,14.48138615869289,253,11.2
mistral-7b-instruct-v0.1@q8_0_18.csv,294,3.9781049913370374,3.094303250312805,0.0002382156380917,20.510923385620117,12.416280083057824,22.27351723262431,152,12.705882352941176
mistral-7b-instruct-v0.1@q8_0_19.csv,224,3.9123557287349677,2.832219958305359,0.0003716163628268,27.46060562133789,12.64274433738318,25.811763301430247,128,8.45
mistral-7b-instruct-v0.1@q8_0_31.csv,549,3.1630772569318095,2.363508462905884,0.0002215306594735,15.727054595947266,8.120021137350225,14.787994772351148,224,9.146341463414634
mistral-7b-instruct-v0.1@q8_0_25.csv,537,3.257320808517988,2.6648733615875244,0.0003889912040904,19.208276748657227,9.000662763593043,15.498843505608617,199,8.934782608695652
mistral-7b-instruct-v0.1@q8_0_232.csv,306,3.7448066209391175,2.6204642057418823,0.0022810883820056,17.306962966918945,11.056556213921692,21.788004020124568,152,21.083333333333332
mistral-7b-instruct-v0.1@q8_0_226.csv,567,3.8931358418846846,3.087502956390381,8.84017936186865e-05,24.555025100708008,11.739597813219051,21.721184709834876,278,13.818181818181818
mistral-7b-instruct-v0.1@q8_0_4.csv,1023,3.423948257227363,2.4244208335876465,6.191508146002889e-05,22.293071746826172,10.918601770124289,22.24247211944179,437,26.09090909090909
mistral-7b-instruct-v0.1@q8_0_187.csv,280,4.0907640215474075,3.2712502479553223,0.0003939800662919,16.512798309326172,10.461694812739,21.822147063139543,150,9.583333333333334
mistral-7b-instruct-v0.1@q8_0_193.csv,292,3.829377661499016,2.7855865955352783,0.0004356978461146,24.21422576904297,15.456946523182884,27.28571964697625,139,8.444444444444445
mistral-7b-instruct-v0.1@q8_0_178.csv,266,3.319101259379216,2.6098575592041016,0.0001676928368397,17.73750877380371,8.172682289411227,18.149683721902775,156,24.666666666666668
mistral-7b-instruct-v0.1@q8_0_144.csv,60,4.469166671236356,3.7761555910110474,0.1418631076812744,16.3073787689209,11.273992710221856,22.0639956874538,39,12.25
mistral-7b-instruct-v0.1@q8_0_150.csv,1023,3.362061029014247,2.6266989707946777,0.0001076651533367,17.51404571533203,9.181545488354145,18.99255618961782,351,15.037037037037036
mistral-7b-instruct-v0.1@q8_0_146.csv,315,4.011634274497665,3.122060537338257,0.00060696847504,23.614952087402344,13.323647491532236,25.308397929277206,156,6.181818181818182
mistral-7b-instruct-v0.1@q8_0_152.csv,378,3.7230022926340185,2.6303586959838867,0.0002163704048143,27.174476623535156,12.34368288558324,23.71791889733387,191,11.44
mistral-7b-instruct-v0.1@q8_0_185.csv,93,3.1062362579433547,2.7559475898742676,0.0003225895343348,11.897900581359863,6.061402675243179,13.287807698060755,68,10.428571428571429
mistral-7b-instruct-v0.1@q8_0_191.csv,364,3.4247137147910536,2.815464735031128,0.0001799050660338,19.125682830810547,9.800588301392754,16.02125118305807,173,10.23076923076923
mistral-7b-instruct-v0.1@q8_0_6.csv,478,3.5447672185970767,2.879664659500122,1.3586693057732193e-05,26.335947036743164,9.561251719763163,19.1569220969974,237,16.91304347826087
mistral-7b-instruct-v0.1@q8_0_230.csv,210,3.4346247535924443,2.7499630451202393,0.0001838611642597,15.999371528625488,8.660131309375597,18.41316868006784,123,13.846153846153847
mistral-7b-instruct-v0.1@q8_0_224.csv,1023,3.1755540706520846,2.275785207748413,0.0002019217645283,30.990154266357425,9.633951423564435,17.10404669196271,360,11.793650793650794
mistral-7b-instruct-v0.1@q8_0_218.csv,121,3.860918139494053,2.159019470214844,0.0003707562282215,23.14985466003418,23.724938799231364,55.104640298410075,69,5.2
mistral-7b-instruct-v0.1@q8_0_33.csv,947,3.187061636050368,2.4877028465270996,0.0001903973607113,23.188390731811523,8.69464125522448,17.872658076319368,303,14.72549019607843
mistral-7b-instruct-v0.1@q8_0_27.csv,625,3.367631334792427,2.408247470855713,0.0001661448040977,19.10833740234375,9.541781771274245,18.689208643890858,247,21.375
mistral-7b-instruct-v0.1@q8_0_26.csv,299,3.3693846621007495,2.4140684604644775,1.203879037348088e-06,18.68511009216309,11.79045743639101,22.289642354534084,161,16.833333333333332
mistral-7b-instruct-v0.1@q8_0_32.csv,232,3.6751663792770004,2.501595973968506,0.0073890346102416,22.973573684692383,14.805458889004703,25.611105891397724,101,18.0
mistral-7b-instruct-v0.1@q8_0_219.csv,421,3.3560087513086643,2.4152839183807373,0.0003795296361204,18.130990982055664,9.070501126240185,18.92997064775368,198,13.24
mistral-7b-instruct-v0.1@q8_0_225.csv,322,3.3378319136827486,2.4495668411254883,0.0003612948057707,20.0008544921875,9.577625452745323,17.428798986000384,179,13.5
mistral-7b-instruct-v0.1@q8_0_231.csv,159,3.8760367681840857,3.1622989177703857,0.0001874732697615,16.853017807006836,9.057065541506896,19.280444008991715,100,7.5625
mistral-7b-instruct-v0.1@q8_0_7.csv,221,3.495157782629391,2.653982639312744,0.0002351194416405,14.286073684692385,9.35988171379401,18.51431686161522,128,9.529411764705882
mistral-7b-instruct-v0.1@q8_0_190.csv,18,10.104973723491034,9.98241138458252,0.8786740899085999,18.270009994506836,34.02695529099938,77.90440082719807,18,6.0
mistral-7b-instruct-v0.1@q8_0_184.csv,500,3.031765091561101,2.2257927656173706,0.0001683808368397,20.45534896850586,8.071858555857514,16.375912410004265,248,13.2
mistral-7b-instruct-v0.1@q8_0_153.csv,171,3.780613033252098,3.013494968414306,0.0010212503839284,16.818981170654297,9.702782055735353,19.7979548896959,105,11.75
mistral-7b-instruct-v0.1@q8_0_147.csv,266,3.8518000313683056,3.136314034461975,0.0001745729532558,17.195940017700195,12.444178798689027,26.658295833929035,170,14.8
mistral-7b-instruct-v0.1@q8_0_162.csv,633,3.3397918160485625,2.39601993560791,0.0001209088732139,20.07225799560547,9.754160191817352,21.735311545212994,254,23.0
mistral-7b-instruct-v0.1@q8_0_176.csv,241,3.602165797600934,2.604809045791626,0.0002844013506546,16.328109741210938,9.477361829818996,20.600160251592662,128,14.76923076923077
mistral-7b-instruct-v0.1@q8_0_189.csv,561,3.2409639690846306,2.4379537105560303,0.000137764684041,13.14126682281494,7.86971575262081,15.97037945702441,267,17.884615384615383
mistral-7b-instruct-v0.1@q8_0_228.csv,289,3.9865884012268746,2.982245445251465,0.0010035237064585,28.70267868041992,15.134373461019091,26.030454544144803,166,7.689655172413793
mistral-7b-instruct-v0.1@q8_0_214.csv,450,3.6198846554790443,2.5881296396255493,0.0002315072197234,18.35378646850586,9.743220976717453,20.231321642249128,212,12.642857142857142
mistral-7b-instruct-v0.1@q8_0_200.csv,634,3.3644935382844636,2.500740170478821,0.0001678648259257,22.34515380859375,9.67068051354909,17.951008151439748,274,10.73913043478261
mistral-7b-instruct-v0.1@q8_0_17.csv,673,3.4897475992342826,2.6372978687286377,0.0001590927276993,17.139707565307617,9.91160294101295,20.82402664410971,293,16.205882352941178
mistral-7b-instruct-v0.1@q8_0_16.csv,811,3.4955524276070378,2.676530361175537,3.7836232422705503e-06,17.00050163269043,9.269146465622484,20.04099512450485,369,19.37142857142857
mistral-7b-instruct-v0.1@q8_0_201.csv,374,3.2928220198520384,2.4679880142211914,0.0001984816335607,16.319515228271484,8.481471293962038,13.63313104152421,123,21.642857142857142
mistral-7b-instruct-v0.1@q8_0_215.csv,142,4.051145641748059,3.2797950506210327,0.0005627509672194,15.342737197875977,12.396769630253784,24.382225115918704,98,10.9
mistral-7b-instruct-v0.1@q8_0_229.csv,569,3.491347262033265,2.659017562866211,0.0001525566767668,34.12401580810547,14.427544998138814,27.411730232432337,228,14.931034482758621
mistral-7b-instruct-v0.1@q8_0_188.csv,499,3.653449730461247,2.9232332706451416,0.0004704492457676,21.293046951293945,10.763614561752908,22.35003238946136,236,15.555555555555555
mistral-7b-instruct-v0.1@q8_0_177.csv,263,4.056981465120591,3.1949679851531982,0.0073712291195988,23.130746841430664,14.977524716800767,27.96603124659811,146,13.533333333333333
mistral-7b-instruct-v0.1@q8_0_163.csv,1012,3.181465102765121,2.383149027824402,1.203879037348088e-06,16.78858757019043,8.711647561292475,17.2414880878461,410,16.26
mistral-7b-instruct-v0.1@q8_0_149.csv,254,4.189115781640894,3.1005194187164307,0.0004983198014087,22.609899520874023,12.186563260556428,20.615205958334712,133,12.1875
mistral-7b-instruct-v0.1@q8_0_175.csv,454,3.2101283712122313,2.422541856765747,0.0003532096161507,27.047592163085938,11.969311893504221,18.722504324369382,202,10.806451612903226
mistral-7b-instruct-v0.1@q8_0_161.csv,341,3.172655110008543,2.3276281356811523,0.0004539336368907,16.062055587768555,9.111787883136309,18.229506009684666,159,9.52
mistral-7b-instruct-v0.1@q8_0_9.csv,451,3.106219258016784,2.3972370624542236,0.0001756049750838,18.10710334777832,7.49293518913563,15.182925978270431,216,11.741935483870968
mistral-7b-instruct-v0.1@q8_0_203.csv,227,3.695123135710329,3.227421998977661,0.0002060499245999,13.656143188476562,8.89913097087165,17.818447043083335,134,13.214285714285714
mistral-7b-instruct-v0.1@q8_0_217.csv,98,5.120965991572213,3.917558789253235,0.0003041833697352,17.79412841796875,16.809174961218027,20.481172005655033,66,10.857142857142858
mistral-7b-instruct-v0.1@q8_0_28.csv,216,4.038219497984015,3.597255229949951,0.0004706212785094,18.728609085083008,9.547084138175522,15.609491567624486,142,16.636363636363637
mistral-7b-instruct-v0.1@q8_0_14.csv,592,2.9501437681127927,2.244958281517029,0.0001752609678078,13.68639850616455,6.873501817385661,13.925734105782826,256,12.131578947368421
mistral-7b-instruct-v0.1@q8_0_15.csv,381,2.8022070818373983,2.1814534664154053,0.0001525566767668,13.255593299865724,7.059368673231739,13.880584998746427,174,11.666666666666666
mistral-7b-instruct-v0.1@q8_0_29.csv,553,3.56115573735102,2.6696135997772217,0.0001188449095934,28.898910522460938,10.96053279723203,20.443892042802748,280,21.857142857142858
mistral-7b-instruct-v0.1@q8_0_216.csv,479,3.5899950458697885,2.666609525680542,0.000144816658576,20.59527015686035,10.302355911429483,20.76260527938633,210,14.11111111111111
mistral-7b-instruct-v0.1@q8_0_202.csv,79,5.3406651576102675,4.248867511749268,0.0020116211380809,18.839759826660156,17.784658944907704,32.65858037466661,64,31.0
mistral-7b-instruct-v0.1@q8_0_8.csv,447,3.6985186403726646,2.906125783920288,0.0010376864811405,22.021862030029297,10.882348840533002,21.53581609992574,185,8.162162162162161
mistral-7b-instruct-v0.1@q8_0_160.csv,253,3.643437988336452,3.066098928451538,0.0005242984043434,15.65255641937256,8.004334552117625,15.61553348475632,140,15.285714285714286
mistral-7b-instruct-v0.1@q8_0_174.csv,132,4.590004203326041,4.0258729457855225,0.0078201396390795,17.410226821899414,13.76062768616702,31.204655355598174,76,9.555555555555555
mistral-7b-instruct-v0.1@q8_0_148.csv,443,3.3494578406397877,2.5451414585113525,0.000290249910904,21.370512008666992,10.684413946317,20.30459644023233,173,6.509433962264151
mistral-7b-instruct-v0.1@q8_0_170.csv,371,3.6241699865658292,2.3146939277648926,0.0001154049750766,21.202171325683594,13.162287491976814,26.276139195664605,182,17.72222222222222
mistral-7b-instruct-v0.1@q8_0_164.csv,66,4.556603970485881,3.8955427408218384,0.0092639438807964,23.387189865112305,14.93964831428088,32.89411674353302,54,19.666666666666668
mistral-7b-instruct-v0.1@q8_0_158.csv,775,3.147051156826858,2.2830560207366943,0.0001616727531654,17.18972396850586,8.73054029273192,17.24999479717986,327,11.88
mistral-7b-instruct-v0.1@q8_0_206.csv,619,3.0957565299264296,2.297032356262207,0.0002308191760675,23.685253143310547,8.362190096863282,16.26501746399718,241,19.692307692307693
mistral-7b-instruct-v0.1@q8_0_212.csv,677,2.5745876695500303,1.753040432929993,0.0001907413679873,14.055999755859377,6.245369735142836,11.329434929745192,217,7.491228070175438
mistral-7b-instruct-v0.1@q8_0_11.csv,1023,2.9811346589498355,2.045523881912231,0.0001291647495236,19.227468490600582,8.47983704961161,17.397617860511513,341,11.211267605633802
mistral-7b-instruct-v0.1@q8_0_39.csv,106,5.321447250696848,3.751928448677063,0.074507400393486,20.96756935119629,21.32068856327399,49.221177496780896,56,8.0
mistral-7b-instruct-v0.1@q8_0_38.csv,98,4.273300487158181,3.6253280639648438,0.0004573743499349,23.46785545349121,16.152932721807257,28.564844510045447,77,16.0
mistral-7b-instruct-v0.1@q8_0_10.csv,1023,3.30687167581047,2.4091198444366455,1.8918103705800604e-06,20.182167053222656,9.555470719020903,19.918960623517897,414,11.848484848484848
mistral-7b-instruct-v0.1@q8_0_213.csv,143,5.041281538787526,4.67435884475708,0.0257427971810102,21.87911605834961,14.612145390676092,27.37105449119334,94,18.0
mistral-7b-instruct-v0.1@q8_0_207.csv,480,3.5624779710492285,2.833981513977051,2.9065360649838112e-05,16.104406356811523,9.600386706613639,21.60930235261799,257,21.63157894736842
mistral-7b-instruct-v0.1@q8_0_159.csv,445,4.063507094227165,3.2325942516326904,0.0005679124733433,21.740694046020508,13.503158410077827,26.08836766873858,206,11.857142857142858
mistral-7b-instruct-v0.1@q8_0_165.csv,238,4.351179052003906,3.1963164806365967,0.0010197014780715,21.50278091430664,14.560658389390314,26.03596570083683,113,25.0
mistral-7b-instruct-v0.1@q8_0_171.csv,192,3.9138119918879966,3.3822073936462402,0.0002962705329991,15.31778049468994,11.36739772559021,26.02817180574238,122,20.125
mistral-7b-instruct-v0.1@q8_0_167.csv,222,3.8311892673484658,2.8278250694274902,0.000228755059652,17.108449935913086,11.064768319544983,21.319718945093353,123,10.705882352941176
mistral-7b-instruct-v0.1@q8_0_173.csv,302,3.8099172669740407,3.033554792404175,0.0040498510934412,23.285768508911133,11.955612961580732,21.392473069684932,155,17.857142857142858
mistral-7b-instruct-v0.1@q8_0_198.csv,1023,3.128362482495136,2.3262691497802734,0.0001207368695759,21.20331382751465,8.488199492011757,16.851823143657043,337,8.033333333333333
mistral-7b-instruct-v0.1@q8_0_211.csv,500,3.5768348160815657,2.752706527709961,0.0001831731497077,18.28851890563965,10.563338066514007,21.951333063050356,228,8.952380952380953
mistral-7b-instruct-v0.1@q8_0_205.csv,377,3.18840507328367,2.484734296798706,0.0038849827833473,14.85726547241211,7.145690977142547,13.159720462081337,131,10.2
mistral-7b-instruct-v0.1@q8_0_239.csv,410,3.641347952635828,2.870064854621887,0.0002580830478109,22.351696014404297,9.128413803541035,16.429981225750304,203,9.71875
mistral-7b-instruct-v0.1@q8_0_12.csv,224,3.928021346359596,3.2166138887405396,0.0002914540527854,13.237184524536133,9.944866717685235,20.643300128316167,134,11.733333333333333
mistral-7b-instruct-v0.1@q8_0_13.csv,1023,3.293675376489483,2.366037607192993,0.0001785290369298,15.579882621765137,9.129438466297731,19.403780379789406,380,13.14516129032258
mistral-7b-instruct-v0.1@q8_0_238.csv,16,10.22417183406651,10.770323276519775,0.2686889469623565,25.842634201049805,47.2285653377333,105.30622614142467,16,6.0
mistral-7b-instruct-v0.1@q8_0_204.csv,202,3.719484389176587,2.8576444387435913,0.000137420676765,18.02499771118164,10.74971177485295,18.422975197146872,132,14.666666666666666
mistral-7b-instruct-v0.1@q8_0_210.csv,479,3.3717769992418694,2.4659440517425537,5.193969627725892e-05,16.4385986328125,9.632356122684467,21.087524817869,242,12.129032258064516
mistral-7b-instruct-v0.1@q8_0_199.csv,295,3.355622055351742,2.5072057247161865,0.0006837930413894,14.462498664855955,8.651808138477767,16.393381565160954,151,13.555555555555555
mistral-7b-instruct-v0.1@q8_0_172.csv,271,3.7085013408445824,3.019407033920288,0.0001881612843135,15.720173835754396,10.223015049746895,20.603882580777434,159,13.058823529411764
mistral-7b-instruct-v0.1@q8_0_166.csv,222,4.256497152763218,3.695246696472168,0.0030034475494176,16.487173080444336,10.207348340222758,20.069719852126088,134,22.11111111111111
mistral-7b-instruct-v0.1@q8_0_129.csv,441,3.4789382659311694,2.502752780914306,0.0001276167749892,28.71963882446289,13.93480282558313,27.4764129326181,229,13.0
mistral-7b-instruct-v0.1@q8_0_101.csv,376,3.3505483015698285,2.588140368461609,2.063806641672272e-05,13.823562622070312,7.562463869118085,14.377852102342835,187,16.333333333333332
mistral-7b-instruct-v0.1@q8_0_115.csv,523,3.0587273743602377,2.288862705230713,0.0001602967386133,15.855883598327637,7.582621604322548,15.333476149341259,254,16.0
mistral-7b-instruct-v0.1@q8_0_277.csv,673,3.2886224807608775,2.4430243968963623,0.0002346034161746,15.137913703918455,8.979280279672347,19.1729080489082,264,13.35897435897436
mistral-7b-instruct-v0.1@q8_0_263.csv,297,4.1212753263181225,3.443533420562744,0.0004356978461146,16.686439514160156,11.41727928979139,25.688024091174537,189,14.176470588235293
mistral-7b-instruct-v0.1@q8_0_48.csv,62,4.9006790529313164,4.335808277130127,0.0036958216223865,21.044740676879883,16.38662576245924,28.40427478386229,55,8.333333333333334
mistral-7b-instruct-v0.1@q8_0_288.csv,347,3.501185974569757,2.628002643585205,0.0004785351047758,19.548255920410156,9.595975363485472,19.34442908187132,155,10.590909090909092
mistral-7b-instruct-v0.1@q8_0_74.csv,580,3.2781513460753247,2.597472906112671,0.0011931068729609,18.438077926635746,8.418429363266318,17.428467975621444,259,13.25
mistral-7b-instruct-v0.1@q8_0_60.csv,724,3.181408394796052,2.363641619682312,1.8918103705800604e-06,14.965723991394045,8.407809221236858,16.770209146658985,291,15.578947368421053
mistral-7b-instruct-v0.1@q8_0_61.csv,725,3.298405788000392,2.3853487968444824,0.0004479123454075,16.20941925048828,9.014054061694607,18.36031550067216,275,13.622222222222222
mistral-7b-instruct-v0.1@q8_0_75.csv,352,4.053208598220646,3.0246208906173706,5.279964170767926e-05,19.92787170410156,13.504563210298535,27.257169519008844,169,13.045454545454545
mistral-7b-instruct-v0.1@q8_0_49.csv,433,3.2176665143116177,2.23594069480896,0.0001602967386133,15.659290313720703,9.558361210176306,18.283088988797846,190,13.24
mistral-7b-instruct-v0.1@q8_0_289.csv,482,3.372405782225723,2.6400084495544434,0.0001499766658525,21.951719284057617,9.925376237673309,20.563917209777436,245,16.541666666666668
mistral-7b-instruct-v0.1@q8_0_262.csv,538,3.4131005897488835,2.4356908798217773,6.879322427266743e-06,30.5440673828125,12.288776771235344,22.482792795712694,253,10.820512820512821
mistral-7b-instruct-v0.1@q8_0_276.csv,291,3.83446106834285,2.9313039779663086,8.874577906681225e-05,15.6045503616333,11.477764386688078,25.165040602968972,155,13.764705882352942
mistral-7b-instruct-v0.1@q8_0_114.csv,1023,2.7410769079965314,1.6569076776504517,5.417555075837299e-05,16.054492950439453,9.051592833340624,15.62159748407739,340,12.402985074626866
mistral-7b-instruct-v0.1@q8_0_100.csv,622,3.7088842267986624,2.803363084793091,0.000237183572608,18.319873809814453,10.763995161490453,21.29242256025104,289,17.266666666666666
mistral-7b-instruct-v0.1@q8_0_128.csv,314,3.425606083379998,2.6846487522125244,0.0002418278745608,17.394845962524414,8.756475622641021,17.199986671909933,172,14.555555555555555
mistral-7b-instruct-v0.1@q8_0_116.csv,77,4.89900619623723,4.374096393585205,0.1584831625223159,16.493600845336914,12.927778809614683,23.496550307800657,62,23.0
mistral-7b-instruct-v0.1@q8_0_102.csv,147,4.368679684413982,3.7605488300323486,0.0003019471478182,17.03243064880371,12.074277369874347,22.309596121818604,82,9.0
mistral-7b-instruct-v0.1@q8_0_248.csv,567,3.611265997364797,2.639544725418091,0.0007876375457271,32.58319091796875,12.099871418918767,25.44791961469002,257,10.714285714285714
mistral-7b-instruct-v0.1@q8_0_88.csv,409,3.445792083675725,2.805028200149536,0.0009638547198846,19.488847732543945,8.820082220977586,17.680264567347372,189,9.411764705882353
mistral-7b-instruct-v0.1@q8_0_260.csv,453,3.670155041533981,2.81801176071167,0.0019704604055732,30.96938705444336,15.131691681810139,26.712200400055806,193,13.478260869565217
mistral-7b-instruct-v0.1@q8_0_274.csv,319,3.4631611017032133,2.5478765964508057,0.0001972775935428,22.17328643798828,10.733170867999304,19.861881200418086,156,17.333333333333332
mistral-7b-instruct-v0.1@q8_0_63.csv,413,3.334046196351059,2.5425965785980225,0.0006360460538417,17.784072875976562,8.427651092615386,17.093246469069257,198,17.65
mistral-7b-instruct-v0.1@q8_0_77.csv,500,3.1583596386472053,2.2984018325805664,0.0002003737026825,18.841468811035156,9.145168227633864,14.657537369847702,190,8.256410256410257
mistral-7b-instruct-v0.1@q8_0_76.csv,289,3.5744047509612087,2.844933271408081,0.0002389036817476,15.866829872131348,8.763882966545907,16.6687872697156,162,14.764705882352942
mistral-7b-instruct-v0.1@q8_0_62.csv,392,3.531958383312267,2.8451404571533203,1.0490979548194446e-05,25.197425842285156,10.323113735328546,20.989257455082026,199,11.666666666666666
mistral-7b-instruct-v0.1@q8_0_275.csv,127,4.282754287248346,3.351968050003052,0.0012038648128509,16.369338989257812,13.662481944801995,20.197011265909968,72,25.666666666666668
mistral-7b-instruct-v0.1@q8_0_261.csv,369,3.488880404589198,2.47802209854126,0.0059441681951284,15.99408721923828,9.350382523126997,18.049303593543776,154,10.307692307692308
mistral-7b-instruct-v0.1@q8_0_249.csv,391,4.000964813665009,3.1111109256744385,0.0001766369969118,16.882699966430664,11.615756299905474,23.705599212890203,228,12.2
mistral-7b-instruct-v0.1@q8_0_89.csv,54,4.78505896157003,4.463302135467529,0.0009106775396503,13.956182479858398,10.453232722086025,23.916726120318234,43,14.666666666666666
mistral-7b-instruct-v0.1@q8_0_103.csv,127,4.51812151516971,4.3492937088012695,0.0045205014757812,15.949541091918944,9.588472737119963,19.356693998351936,90,10.181818181818182
mistral-7b-instruct-v0.1@q8_0_117.csv,209,4.00804298589035,3.242189884185791,0.0003643912496045,18.075092315673828,11.224020902487855,25.51883797131604,130,28.833333333333332
mistral-7b-instruct-v0.1@q8_0_113.csv,1023,2.7513858864867613,1.7364732027053833,0.0001673488295637,24.45794677734375,9.189529755114778,18.096360922224306,356,13.089285714285714
mistral-7b-instruct-v0.1@q8_0_107.csv,561,3.379359586191253,2.3766887187957764,1.375861870656081e-06,16.68406867980957,9.83663385864886,19.83258435196584,244,15.533333333333333
mistral-7b-instruct-v0.1@q8_0_265.csv,287,3.9575274973329035,3.314143419265747,0.0002399357472313,14.911958694458008,11.090550393652034,24.84750378646617,160,24.0
mistral-7b-instruct-v0.1@q8_0_271.csv,475,3.7814212954316386,3.192948579788208,0.000244924071012,15.356252670288086,9.272862796000975,18.303045805423423,257,14.307692307692308
mistral-7b-instruct-v0.1@q8_0_259.csv,355,4.135098934718195,3.5382239818573,0.0002577390114311,22.95635986328125,11.346080369040813,23.90300597686906,176,12.608695652173912
mistral-7b-instruct-v0.1@q8_0_99.csv,808,2.796422361085269,1.939328372478485,5.383157258620486e-05,16.75775909423828,7.421081196641702,15.250177382981425,279,10.161290322580646
mistral-7b-instruct-v0.1@q8_0_66.csv,620,3.076782139107743,2.176876664161682,0.0002998829295393,15.895194053649902,8.270076079671723,16.155767954759323,246,15.0
mistral-7b-instruct-v0.1@q8_0_72.csv,459,3.3320699034378625,2.6702561378479004,0.0001547926949569,18.451000213623047,9.92443924739017,19.1575425664292,204,20.38888888888889
mistral-7b-instruct-v0.1@q8_0_73.csv,869,3.5253842420334407,2.605236768722534,0.0001267567859031,30.1551456451416,10.932680228413426,21.08401298245544,326,9.454545454545455
mistral-7b-instruct-v0.1@q8_0_67.csv,226,3.7907950518893867,2.8297011852264404,0.0038798956666141,20.304447174072266,11.337442283344114,22.11043430333391,121,14.428571428571429
mistral-7b-instruct-v0.1@q8_0_258.csv,338,3.8617134568238076,3.004508852958679,0.000717862159945,20.39325714111328,13.257158188776874,25.33917750633428,169,9.32
mistral-7b-instruct-v0.1@q8_0_98.csv,783,3.5061236126389077,2.769231081008911,0.000218606510316,16.864477157592773,9.467743453352517,19.596708678531577,324,21.35483870967742
mistral-7b-instruct-v0.1@q8_0_270.csv,351,3.893491854588783,3.297966957092285,0.0002739083720371,15.140569686889648,9.981680513247658,22.019555464882774,194,21.571428571428573
mistral-7b-instruct-v0.1@q8_0_264.csv,144,4.0655311705381285,3.398348569869995,0.0003470167284831,13.452324867248535,9.41540559929908,19.277768044845818,100,10.272727272727273
mistral-7b-instruct-v0.1@q8_0_106.csv,401,3.4240145772984802,2.662818670272827,5.348759441403672e-05,13.166746139526367,8.250267453628949,17.098158288700148,192,13.076923076923077
mistral-7b-instruct-v0.1@q8_0_112.csv,360,3.3875540823824446,2.583860754966736,0.0002127582265529,16.4094181060791,7.87758265802128,16.22536551181164,169,15.0
mistral-7b-instruct-v0.1@q8_0_104.csv,372,3.5348557112021846,2.846513867378235,0.0012750406749546,18.283267974853516,10.15244758143163,20.668949621541692,189,12.24
mistral-7b-instruct-v0.1@q8_0_110.csv,522,3.3784489048108206,2.7650177478790283,0.0004020654596388,15.127511024475098,8.767855593562096,17.700769574320624,214,13.375
mistral-7b-instruct-v0.1@q8_0_138.csv,1023,1.6570453956371691,0.0650209635496139,8.891776815289631e-05,14.881346702575684,7.1511647932617874,9.393787242825354,199,19.625
mistral-7b-instruct-v0.1@q8_0_272.csv,913,2.9838693528061566,2.058633327484131,0.0001847211970016,21.033111572265625,8.601675862976903,17.29764520286967,314,12.938775510204081
mistral-7b-instruct-v0.1@q8_0_266.csv,173,4.704873686857391,4.137566566467285,0.0004194406501483,14.755592346191406,14.720237980455197,23.278068566647434,77,4.75
mistral-7b-instruct-v0.1@q8_0_71.csv,100,5.1338712034001945,3.6381213665008545,0.0418391153216362,19.726896286010746,19.032564018338682,39.980616338585264,70,10.428571428571429
mistral-7b-instruct-v0.1@q8_0_65.csv,359,3.812437853728934,3.2042813301086426,1.7714321074890904e-05,23.106531143188477,12.101673159617965,24.46189467245753,191,12.73913043478261
mistral-7b-instruct-v0.1@q8_0_59.csv,998,3.0546243332277654,2.216026782989502,0.0002088020410155,16.46000099182129,9.017987996775442,17.22159456785945,308,12.76923076923077
mistral-7b-instruct-v0.1@q8_0_299.csv,618,3.36449380947591,2.5291733741760254,0.00022892706329,20.08003616333008,8.897069671964992,16.663932947476713,242,9.53061224489796
mistral-7b-instruct-v0.1@q8_0_58.csv,598,3.019054371757433,2.0892717838287354,0.0001539326913189,15.513287544250488,8.857143688800251,15.701948521826454,222,9.743589743589743
mistral-7b-instruct-v0.1@q8_0_298.csv,181,3.8446256178431213,2.978595495223999,0.0008201603777706,22.462928771972656,13.892991257372325,24.764080829141534,119,21.857142857142858
mistral-7b-instruct-v0.1@q8_0_64.csv,619,3.6491202874957955,2.9398305416107178,0.0002383876417297,35.07392883300781,11.631124395401095,22.17799334225803,230,16.06451612903226
mistral-7b-instruct-v0.1@q8_0_70.csv,131,3.25620971175483,2.3004345893859863,0.0002520626003388,14.86537265777588,10.458230931596358,15.675603215751076,76,13.142857142857142
mistral-7b-instruct-v0.1@q8_0_267.csv,1023,3.5203771793094347,2.6804254055023193,3.4740914998110384e-05,15.99394702911377,9.687951709658346,21.25007248030949,436,18.711111111111112
mistral-7b-instruct-v0.1@q8_0_273.csv,459,3.7349187983081373,2.8874926567077637,4.4715557123709004e-06,15.679587364196776,10.469504351819676,19.17052922661067,240,22.294117647058822
mistral-7b-instruct-v0.1@q8_0_139.csv,893,3.320696195903486,2.5451700687408447,0.0001989976444747,23.26573181152344,9.558569043401649,20.108211845249294,332,15.489795918367347
mistral-7b-instruct-v0.1@q8_0_111.csv,654,2.9088298501589023,2.167003035545349,0.0001401726767653,18.762022018432617,6.92734019268386,14.501124159539208,248,9.327272727272728
mistral-7b-instruct-v0.1@q8_0_105.csv,536,3.5043547643489505,2.738418698310852,8.771381544647738e-05,16.756811141967773,9.279571585548354,18.64935798292524,266,16.576923076923077
